title,normalized_title,youtube_url,video_id,thumbnail_url,duration,upload_date,category,shorts_url,source,is_exercise_video
"""У меня нет времени на тренировки"" #зож #отмазки #мотивация #тренер #нутрициолог","""У меня нет времени на тренировки""","https://www.youtube.com/watch?v=ti5iultt0zU","ti5iultt0zU","https://i.ytimg.com/vi/ti5iultt0zU/maxres2.jpg?sqp=-oaymwEoCIAKENAF8quKqQMcGADwAQH4AbYIgAKAD4oCDAgAEAEYUSBaKGUwDw==&rs=AOn4CLBoloLrmMNPug8RLPJaKW__OCl24g","0:16","May 2, 2024","needs_review","https://www.youtube.com/shorts/ti5iultt0zU","shorts","false"
"#зож #качалка","","https://www.youtube.com/watch?v=Ady508svJ2c","Ady508svJ2c","https://i.ytimg.com/vi/Ady508svJ2c/maxres2.jpg?sqp=-oaymwEoCIAKENAF8quKqQMcGADwAQH4Ac4FgAKACooCDAgAEAEYZSBRKEAwDw==&rs=AOn4CLCLmzJipCmH8Gy1qlliRab3-YxiOQ","0:28","Mar 11, 2023","needs_review","https://www.youtube.com/shorts/Ady508svJ2c","shorts","false"
"#фитнес #здоровье #зож #здоровоепитание #качалка #нутрицология","","https://www.youtube.com/watch?v=iilTlmWByHE","iilTlmWByHE","https://i.ytimg.com/vi/iilTlmWByHE/maxres2.jpg?sqp=-oaymwEoCIAKENAF8quKqQMcGADwAQH4Ac4FgAKACooCDAgAEAEYZSBeKEkwDw==&rs=AOn4CLCLeTMW2fQc9hA4cErh_UUC65v99g","0:30","Mar 3, 2023","needs_review","https://www.youtube.com/shorts/iilTlmWByHE","shorts","false"
"#фитнес #юмор #здоровье","","https://www.youtube.com/watch?v=x6Q286QiXCc","x6Q286QiXCc","https://i.ytimg.com/vi/x6Q286QiXCc/maxres2.jpg?sqp=-oaymwEoCIAKENAF8quKqQMcGADwAQH4Ac4FgAKACooCDAgAEAEYciBQKEEwDw==&rs=AOn4CLA__-1ixfYNJZiRAVwPWmWq1MnliQ","0:15","Mar 18, 2023","needs_review","https://www.youtube.com/shorts/x6Q286QiXCc","shorts","false"
"#фитнес #motivation #здоровье помогите раздать подарки:)","","https://www.youtube.com/watch?v=Hy38-TykVQ0","Hy38-TykVQ0","https://i.ytimg.com/vi/Hy38-TykVQ0/maxres2.jpg?sqp=-oaymwEoCIAKENAF8quKqQMcGADwAQH4Ac4FgAKACooCDAgAEAEYfyBMKCYwDw==&rs=AOn4CLBNe0lbOY1ViZmentdffrcF7Pf8aw","0:15","Mar 22, 2023","needs_review","https://www.youtube.com/shorts/Hy38-TykVQ0","shorts","false"
"#фитнестренер #юмор #ржака бедная Алёна:)","","https://www.youtube.com/watch?v=OZEpFuIWhl4","OZEpFuIWhl4","https://i.ytimg.com/vi/OZEpFuIWhl4/maxres2.jpg?sqp=-oaymwEoCIAKENAF8quKqQMcGADwAQH4Ac4FgAKACooCDAgAEAEYLCBWKHIwDw==&rs=AOn4CLC6C1uVNSm3L9kG1bLbkWQT7be0fQ","0:23","Mar 23, 2023","needs_review","https://www.youtube.com/shorts/OZEpFuIWhl4","shorts","false"
"#fitness #motivation #фитнес гильотина читай описание, там подарок🎁","","https://www.youtube.com/watch?v=gEBSJqbLUcE","gEBSJqbLUcE","https://i.ytimg.com/vi/gEBSJqbLUcE/maxres2.jpg?sqp=-oaymwEoCIAKENAF8quKqQMcGADwAQH4Ac4FgAKACooCDAgAEAEYZSBfKFswDw==&rs=AOn4CLCqsM2x3q9NOkwi4h5GdK4GMPof9g","0:54","Mar 24, 2023","needs_review","https://www.youtube.com/shorts/gEBSJqbLUcE","shorts","false"
"13 причин, почему ты часто болеешь и у тебя мало энергии.","13 причин, почему ты часто болеешь и у тебя мало энергии.","https://www.youtube.com/watch?v=FA24tx1rPQY","FA24tx1rPQY","https://i.ytimg.com/vi/FA24tx1rPQY/maxres2.jpg?sqp=-oaymwEoCIAKENAF8quKqQMcGADwAQH4Ac4FgAKACooCDAgAEAEYZSBlKGUwDw==&rs=AOn4CLAMQjnfWEqquZd8E0UWUrklOKmhfA","0:56","Feb 28, 2023","needs_review","https://www.youtube.com/shorts/FA24tx1rPQY","shorts","false"
"5 минутная зарядка, сохрани, чтобы не потерять. #зарядка5мин #энергиявтеле #tagirfruit","5 минутная зарядка, сохрани, чтобы не потерять.","https://www.youtube.com/watch?v=N5SPhiEDoR4","N5SPhiEDoR4","https://i.ytimg.com/vi/N5SPhiEDoR4/maxres2.jpg?sqp=-oaymwEoCIAKENAF8quKqQMcGADwAQH4AbYIgAKAD4oCDAgAEAEYciBJKD4wDw==&rs=AOn4CLB0lBxchqLC6eXpS7Iqu9Q2syw2Wg","0:05","Jun 16, 2025","needs_review","https://www.youtube.com/shorts/N5SPhiEDoR4","shorts","true"
"а вдруг!","а вдруг!","https://www.youtube.com/watch?v=yc9Pm6aNt_4","yc9Pm6aNt_4","https://i.ytimg.com/vi/yc9Pm6aNt_4/maxres2.jpg?sqp=-oaymwEoCIAKENAF8quKqQMcGADwAQH4Ac4FgAKACooCDAgAEAEYciBUKEIwDw==&rs=AOn4CLBqOZ5_CoGl7IrRLhqG1wBIf1lNzw","0:05","Jan 15, 2024","needs_review","https://www.youtube.com/shorts/yc9Pm6aNt_4","shorts","false"
"А какое было стоп-слово?#юмор #фитнес #тренер #растяжка","А какое было стоп-слово?","https://www.youtube.com/watch?v=tr09VeS1gjc","tr09VeS1gjc","https://i.ytimg.com/vi/tr09VeS1gjc/maxres2.jpg?sqp=-oaymwEoCIAKENAF8quKqQMcGADwAQH4AbYIgAKAD4oCDAgAEAEYZSBQKEQwDw==&rs=AOn4CLBUkhhA7Q-4KnU3QWFmfiVdFwv5SA","0:06","Aug 9, 2024","needs_review","https://www.youtube.com/shorts/tr09VeS1gjc","shorts","false"
"А какое первое?#упражнения #гильотина #тренер #большиегрудные #большиегрудныемышцы","А какое первое?","https://www.youtube.com/watch?v=dyvsOLjUAhc","dyvsOLjUAhc","https://i.ytimg.com/vi/dyvsOLjUAhc/maxres2.jpg?sqp=-oaymwEoCIAKENAF8quKqQMcGADwAQH4AbYIgAKAD4oCDAgAEAEYZSBiKFQwDw==&rs=AOn4CLDpol_7SJtGeJHUo8DdEwseH0hjaw","0:46","Aug 15, 2024","needs_review","https://www.youtube.com/shorts/dyvsOLjUAhc","shorts","false"
"А какой генотип фигуры у тебя?#тренер #генотипфигуры #рекомендации #эктоморф #эндоморф #мезоморф","А какой генотип фигуры у тебя?","https://www.youtube.com/watch?v=C4PlhFwX04M","C4PlhFwX04M","https://i.ytimg.com/vi/C4PlhFwX04M/maxres2.jpg?sqp=-oaymwEoCIAKENAF8quKqQMcGADwAQH4AbYIgAKAD4oCDAgAEAEYZSBfKFQwDw==&rs=AOn4CLBhax5CEiF1wsSeO21-NzkyMRCOTQ","0:36","Feb 26, 2024","needs_review","https://www.youtube.com/shorts/C4PlhFwX04M","shorts","false"
"А почему именно так, смотри в профиле моего Инстаграм.","А почему именно так, смотри в профиле моего Инстаграм.","https://www.youtube.com/watch?v=VOtoLV5o37w","VOtoLV5o37w","https://i.ytimg.com/vi/VOtoLV5o37w/maxres2.jpg?sqp=-oaymwEoCIAKENAF8quKqQMcGADwAQH4AbYIgAKAD4oCDAgAEAEYLCBYKHIwDw==&rs=AOn4CLAPasCG9nq-aDz9ra3YPDoRv0rGHw","0:29","Aug 22, 2024","needs_review","https://www.youtube.com/shorts/VOtoLV5o37w","shorts","false"
"А ты готов(а) начать?#мотивация #тренировки #всетыможешь #фитнес #нетничегоневозможного","А ты готов(а) начать?","https://www.youtube.com/watch?v=rahjCQ5K1-0","rahjCQ5K1-0","https://i.ytimg.com/vi/rahjCQ5K1-0/maxres2.jpg?sqp=-oaymwEoCIAKENAF8quKqQMcGADwAQH4AbYIgAKAD4oCDAgAEAEYTiBeKGUwDw==&rs=AOn4CLCId0dvape6b2dpSqeeq9DiTmvWbA","0:25","May 15, 2024","needs_review","https://www.youtube.com/shorts/rahjCQ5K1-0","shorts","false"
"А ты готов(а) худеть? В описании готовый рацион питания с рецептами:) #зож #похудение #диета #тренер","А ты готов(а) худеть? В описании готовый рацион питания с рецептами:)","https://www.youtube.com/watch?v=aOJZ0TkV2kU","aOJZ0TkV2kU","https://i.ytimg.com/vi/aOJZ0TkV2kU/maxres2.jpg?sqp=-oaymwEoCIAKENAF8quKqQMcGADwAQH4AbYIgAKAD4oCDAgAEAEYZSBSKEswDw==&rs=AOn4CLB4sODzxJsrYqNHjVZQYTXVi7U4_Q","0:12","Feb 6, 2024","needs_review","https://www.youtube.com/shorts/aOJZ0TkV2kU","shorts","false"
"А ты знаешь об этом? #кишечник #нутрициология #тренер #фитнес #здоровье","А ты знаешь об этом?","https://www.youtube.com/watch?v=IOdPwAYYcG8","IOdPwAYYcG8","https://i.ytimg.com/vi/IOdPwAYYcG8/maxres2.jpg?sqp=-oaymwEoCIAKENAF8quKqQMcGADwAQH4AbYIgAKAD4oCDAgAEAEYZSBTKFAwDw==&rs=AOn4CLDejDvgfYThebvA53tam-6aF0GYzQ","0:24","Apr 22, 2024","needs_review","https://www.youtube.com/shorts/IOdPwAYYcG8","shorts","false"
"А ты сделал(а) свой выбор?#выбор #тренировки #мотивация #красивоеиздоровоетело #фигупамечты #тренер","А ты сделал(а) свой выбор?","https://www.youtube.com/watch?v=Z38sJm8QTdE","Z38sJm8QTdE","https://i.ytimg.com/vi/Z38sJm8QTdE/maxres2.jpg?sqp=-oaymwEoCIAKENAF8quKqQMcGADwAQH4Ac4FgAKACooCDAgAEAEYZSBeKEwwDw==&rs=AOn4CLCJD8jCuooqvR9VUb1hrj6Ce6AOoA","0:27","Mar 4, 2024","needs_review","https://www.youtube.com/shorts/Z38sJm8QTdE","shorts","false"
"А ты считаешь калории? Подарок в первом комментарии #калории #диета #похудение #рецепторы #здоровье","А ты считаешь калории? Подарок в первом комментарии","https://www.youtube.com/watch?v=oM1to-KrdBI","oM1to-KrdBI","https://i.ytimg.com/vi/oM1to-KrdBI/maxres2.jpg?sqp=-oaymwEoCIAKENAF8quKqQMcGADwAQH4AbYIgAKAD4oCDAgAEAEYZSBeKFEwDw==&rs=AOn4CLBDpZXGfb8So3TqxDeB1dx6rVFfzg","0:30","Mar 6, 2024","needs_review","https://www.youtube.com/shorts/oM1to-KrdBI","shorts","false"
"А ты тренируешься? #фитнес #мотивация #тренировки #здоровье #тренер","А ты тренируешься?","https://www.youtube.com/watch?v=qxTSd4BPVPs","qxTSd4BPVPs","https://i.ytimg.com/vi/qxTSd4BPVPs/maxres2.jpg?sqp=-oaymwEoCIAKENAF8quKqQMcGADwAQH4Ac4FgAKACooCDAgAEAEYYCBgKGAwDw==&rs=AOn4CLDfJGd-F0mBWJvz7owCfxOgnD7zAg","0:20","Apr 19, 2024","needs_review","https://www.youtube.com/shorts/qxTSd4BPVPs","shorts","false"
"а ты уже начал тренировки?)","а ты уже начал тренировки?)","https://www.youtube.com/watch?v=ONsqWQAK6HA","ONsqWQAK6HA","https://i.ytimg.com/vi/ONsqWQAK6HA/maxres2.jpg?sqp=-oaymwEoCIAKENAF8quKqQMcGADwAQH4AbYIgAKAD4oCDAgAEAEYZSBcKFkwDw==&rs=AOn4CLCv-tmWEyy4M--6A5mn7v5i5ogNgg","0:14","Jan 4, 2024","needs_review","https://www.youtube.com/shorts/ONsqWQAK6HA","shorts","false"
"А ты хочешь научиться? #мотивация #тренер #статьненужным #спорт #размышление","А ты хочешь научиться?","https://www.youtube.com/watch?v=txNuRipK4LE","txNuRipK4LE","https://i.ytimg.com/vi/txNuRipK4LE/maxres2.jpg?sqp=-oaymwEoCIAKENAF8quKqQMcGADwAQH4AbYIgAKAD4oCDAgAEAEYWyBbKFswDw==&rs=AOn4CLDOsH__qWF8kcSQUZrr5V1xB4rchQ","0:11","Apr 25, 2024","needs_review","https://www.youtube.com/shorts/txNuRipK4LE","shorts","false"
"А что мотивирует тебя?#тренер #мотивация #спорт #фитнес #здоровье #зож","А что мотивирует тебя?","https://www.youtube.com/watch?v=C16jVaWI0bw","C16jVaWI0bw","https://i.ytimg.com/vi/C16jVaWI0bw/maxres2.jpg?sqp=-oaymwEoCIAKENAF8quKqQMcGADwAQH4Ac4FgAKACooCDAgAEAEYZSBgKFMwDw==&rs=AOn4CLAJ_2xUPX0PHRfLU-r0Q4paR63mvw","0:35","Mar 5, 2024","needs_review","https://www.youtube.com/shorts/C16jVaWI0bw","shorts","false"
"А что, если не жопа? #тренировка #жопа #орех #попа #ягодицы #мотивация #тренер","А что, если не жопа?","https://www.youtube.com/watch?v=PztHkgqCBuQ","PztHkgqCBuQ","https://i.ytimg.com/vi/PztHkgqCBuQ/maxres2.jpg?sqp=-oaymwEoCIAKENAF8quKqQMcGADwAQH4AbYIgAKAD4oCDAgAEAEYZSBcKEgwDw==&rs=AOn4CLBRxAjSXCPkuanv_FKQ2bOdvUe4Xw","0:11","May 9, 2024","needs_review","https://www.youtube.com/shorts/PztHkgqCBuQ","shorts","false"
"Автобиографические советы. #фитнестренер #автобиографическийсовет  #учусьтренироваться","Автобиографические советы.","https://www.youtube.com/watch?v=wMLJsr2ee3U","wMLJsr2ee3U","https://i.ytimg.com/vi/wMLJsr2ee3U/maxres2.jpg?sqp=-oaymwEoCIAKENAF8quKqQMcGADwAQH4AbYIgAKAD4oCDAgAEAEYLyBXKHIwDw==&rs=AOn4CLCPEHZLyVJOW4PcCoo9GKQLUx8lWQ","0:49","Jun 22, 2025","needs_review","https://www.youtube.com/shorts/wMLJsr2ee3U","shorts","false"
"БЕСПЛАТНОЕ ВЕДЕНИЕ. С сегодняшнего дня у меня начинается акция.https://t.me/supertagir","БЕСПЛАТНОЕ ВЕДЕНИЕ. С сегодняшнего дня у меня начинается акция.https://t.me/supertagir","https://www.youtube.com/watch?v=2nH3l5x-sSM","2nH3l5x-sSM","https://i.ytimg.com/vi/2nH3l5x-sSM/maxres2.jpg?sqp=-oaymwEoCIAKENAF8quKqQMcGADwAQH4Ac4FgAKACooCDAgAEAEYQCBMKGUwDw==&rs=AOn4CLCO97ycsb1Lof3Osj5d_Exfc74EgQ","0:26","Feb 23, 2023","needs_review","https://www.youtube.com/shorts/2nH3l5x-sSM","shorts","false"
"Бицепс в кроссовере по 1 руке","Бицепс в кроссовере по 1 руке","https://www.youtube.com/watch?v=9sakXY-0srI","9sakXY-0srI","https://i.ytimg.com/vi/9sakXY-0srI/maxres2.jpg?sqp=-oaymwEoCIAKENAF8quKqQMcGADwAQH4AbYIgAKAD4oCDAgAEAEYciBSKDowDw==&rs=AOn4CLDH1dGAGMq6k18ZMmSUkOxr7Mhlsw","1:00","Nov 14, 2024","бицепс","https://www.youtube.com/shorts/9sakXY-0srI","shorts","true"
"Бицепс в скамье Скотта","Бицепс в скамье Скотта","https://www.youtube.com/watch?v=-pcs5ji3Hho","-pcs5ji3Hho","https://i.ytimg.com/vi/-pcs5ji3Hho/maxres2.jpg?sqp=-oaymwEoCIAKENAF8quKqQMcGADwAQH4AbYIgAKAD4oCDAgAEAEYciBfKEYwDw==&rs=AOn4CLDj5n7sM02eytz3GqrMEM5Ez-0SbQ","0:54","Nov 19, 2024","бицепс","https://www.youtube.com/shorts/-pcs5ji3Hho","shorts","true"
"БИЦЕПС С ГАНТЕЛЯМИ","БИЦЕПС С ГАНТЕЛЯМИ","https://www.youtube.com/watch?v=c1dad8F7Dxw","c1dad8F7Dxw","https://i.ytimg.com/vi/c1dad8F7Dxw/maxres2.jpg?sqp=-oaymwEoCIAKENAF8quKqQMcGADwAQH4Ac4FgAKACooCDAgAEAEYZSBXKEkwDw==&rs=AOn4CLAZAihuIebPWt7CfESVCL3CHCGwQw","0:53","Nov 6, 2024","бицепс","https://www.youtube.com/shorts/c1dad8F7Dxw","shorts","true"
"Бицепс с гантелями сидя","Бицепс с гантелями сидя","https://www.youtube.com/watch?v=hws0_ZEOnlo","hws0_ZEOnlo","https://i.ytimg.com/vi/hws0_ZEOnlo/maxres2.jpg?sqp=-oaymwEoCIAKENAF8quKqQMcGADwAQH4Ac4FgAKACooCDAgAEAEYZSBbKE0wDw==&rs=AOn4CLDFQTS3Y1DtUmHEOG5U8kpfTp0pFg","0:58","Nov 6, 2024","бицепс","https://www.youtube.com/shorts/hws0_ZEOnlo","shorts","true"
"Бицепс с резинкой сидя","Бицепс с резинкой сидя","https://www.youtube.com/watch?v=bLhkUE4S3fY","bLhkUE4S3fY","https://i.ytimg.com/vi/bLhkUE4S3fY/maxres2.jpg?sqp=-oaymwEoCIAKENAF8quKqQMcGADwAQH4Ac4FgAKACooCDAgAEAEYciBRKDkwDw==&rs=AOn4CLBXojaLW5WFBE_EfX3tlr5NxQ66iQ","0:50","Nov 19, 2024","бицепс","https://www.youtube.com/shorts/bLhkUE4S3fY","shorts","true"
"Быстрый метаболизм? #генетика #тренировки #выносливость #мышечныегруппы #эктоморф #сила","Быстрый метаболизм?","https://www.youtube.com/watch?v=xgYqi0SpLxA","xgYqi0SpLxA","https://i.ytimg.com/vi/xgYqi0SpLxA/maxres2.jpg?sqp=-oaymwEoCIAKENAF8quKqQMcGADwAQH4AbYIgAKAD4oCDAgAEAEYPyBaKHIwDw==&rs=AOn4CLBFYnkcV8uBgkuljwz_HTUjHdgJug","0:15","May 24, 2024","needs_review","https://www.youtube.com/shorts/xgYqi0SpLxA","shorts","false"
"В Инстаграме больше информации #тренер #здоровье #эктоморф #эндоморф #мезоморф","В Инстаграме больше информации","https://www.youtube.com/watch?v=cKlbtu6cOpw","cKlbtu6cOpw","https://i.ytimg.com/vi/cKlbtu6cOpw/maxres2.jpg?sqp=-oaymwEoCIAKENAF8quKqQMcGADwAQH4AbYIgAKAD4oCDAgAEAEYZSBZKEMwDw==&rs=AOn4CLB9GIy9V-mDtrUS2BmVm590QwqZXA","0:25","Aug 6, 2024","needs_review","https://www.youtube.com/shorts/cKlbtu6cOpw","shorts","false"
"в описании 🎁 #здоровье #сон #мелатонин #мотивация #фитнес","в описании 🎁","https://www.youtube.com/watch?v=TOA4qhcpuT0","TOA4qhcpuT0","https://i.ytimg.com/vi/TOA4qhcpuT0/maxres2.jpg?sqp=-oaymwEoCIAKENAF8quKqQMcGADwAQH4Ac4FgAKACooCDAgAEAEYZSBfKEswDw==&rs=AOn4CLBirqYZ2scgPD9PtVwYHCUwSaEEeQ","0:13","Mar 25, 2023","needs_review","https://www.youtube.com/shorts/TOA4qhcpuT0","shorts","false"
"В первом комментарии рекомендации #тренер #фитнес #мотивация #здоровье #гннетикафигуры","В первом комментарии рекомендации","https://www.youtube.com/watch?v=X3GsSI6F1wo","X3GsSI6F1wo","https://i.ytimg.com/vi/X3GsSI6F1wo/maxres2.jpg?sqp=-oaymwEoCIAKENAF8quKqQMcGADwAQH4AbYIgAKAD4oCDAgAEAEYZSBcKEswDw==&rs=AOn4CLD_C5bfU9ZrhHcgqfq65azjr_knhA","0:12","Jun 13, 2024","needs_review","https://www.youtube.com/shorts/X3GsSI6F1wo","shorts","false"
"В чем наша мотивация","В чем наша мотивация","https://www.youtube.com/watch?v=wmAYr4Bqs9k","wmAYr4Bqs9k","https://i.ytimg.com/vi/wmAYr4Bqs9k/maxres2.jpg?sqp=-oaymwEoCIAKENAF8quKqQMcGADwAQH4AbYIgAKAD4oCDAgAEAEYQSBRKGUwDw==&rs=AOn4CLDgn-PpNC0O9NYeevgcNSbISqZuDA","0:30","Nov 9, 2024","needs_review","https://www.youtube.com/shorts/wmAYr4Bqs9k","shorts","false"
"В чем суть мотивации? #tagirfruit #sports #делайкактренер","В чем суть мотивации?","https://www.youtube.com/watch?v=0s3jN7kbT38","0s3jN7kbT38","https://i.ytimg.com/vi/0s3jN7kbT38/maxres2.jpg?sqp=-oaymwEoCIAKENAF8quKqQMcGADwAQH4AbYIgAKAD4oCDAgAEAEYPyBSKGUwDw==&rs=AOn4CLC3Wb47UZkBLv0RbU_81i6OdMvPHw","0:30","Jun 22, 2025","needs_review","https://www.youtube.com/shorts/0s3jN7kbT38","shorts","false"
"в шапке канала для тебя целых три подарка #тренер #фитнес #диета #похудение #спорт #зож","в шапке канала для тебя целых три подарка","https://www.youtube.com/watch?v=f4KQsEyC9Bk","f4KQsEyC9Bk","https://i.ytimg.com/vi/f4KQsEyC9Bk/maxres2.jpg?sqp=-oaymwEoCIAKENAF8quKqQMcGADwAQH4AbYIgAKAD4oCDAgAEAEYRyBXKGUwDw==&rs=AOn4CLCyXfRdwrhnGrJSMG2_lvpeCfyasg","0:35","May 25, 2024","needs_review","https://www.youtube.com/shorts/f4KQsEyC9Bk","shorts","false"
"все любят покушать #зож#еда#юмор#похудение","все любят покушать","https://www.youtube.com/watch?v=RMbemafClpg","RMbemafClpg","https://i.ytimg.com/vi/RMbemafClpg/maxres2.jpg?sqp=-oaymwEoCIAKENAF8quKqQMcGADwAQH4AbYIgAKAD4oCDAgAEAEYZSBlKGUwDw==&rs=AOn4CLByxrBrPSGNdPoKyzm7eSLtP73Uow","0:08","Jan 31, 2024","needs_review","https://www.youtube.com/shorts/RMbemafClpg","shorts","false"
"Все это время, ты ел не правильно. На самом деле твоим пищевым привычкам 2 миллиона лет.","Все это время, ты ел не правильно. На самом деле твоим пищевым привычкам 2 миллиона лет.","https://www.youtube.com/watch?v=3BhVBt7a6G4","3BhVBt7a6G4","https://i.ytimg.com/vi/3BhVBt7a6G4/maxres2.jpg?sqp=-oaymwEoCIAKENAF8quKqQMcGADwAQH4Ac4FgAKACooCDAgAEAEYZSBlKGUwDw==&rs=AOn4CLBYdJFZoibsE0B4gXHxaLSZzVMksQ","0:58","Mar 1, 2023","needs_review","https://www.youtube.com/shorts/3BhVBt7a6G4","shorts","false"
"Вся Азия и Индия родом из Якутии! И я это докажу.","Вся Азия и Индия родом из Якутии! И я это докажу.","https://www.youtube.com/watch?v=D8gKCytEPXs","D8gKCytEPXs","https://i.ytimg.com/vi/D8gKCytEPXs/maxres2.jpg?sqp=-oaymwEoCIAKENAF8quKqQMcGADwAQH4Ac4FgAKACooCDAgAEAEYZSBfKFQwDw==&rs=AOn4CLBzlK4A0nuezi3t9FfCyJ_rYV7BXQ","0:55","Mar 4, 2023","needs_review","https://www.youtube.com/shorts/D8gKCytEPXs","shorts","false"
"выбор за тобой","выбор за тобой","https://www.youtube.com/watch?v=xZClOIRDEt0","xZClOIRDEt0","https://i.ytimg.com/vi/xZClOIRDEt0/maxres2.jpg?sqp=-oaymwEoCIAKENAF8quKqQMcGADwAQH4AbYIgAKAD4oCDAgAEAEYciBNKD0wDw==&rs=AOn4CLAcAswkZEQoLPERrw1oOiQ_PnVO3Q","0:22","Aug 27, 2024","needs_review","https://www.youtube.com/shorts/xZClOIRDEt0","shorts","false"
"Ген вегетарианства есть в каждом. #фитнес #здоровье #зож #история","Ген вегетарианства есть в каждом.","https://www.youtube.com/watch?v=QgyGkvIiqr4","QgyGkvIiqr4","https://i.ytimg.com/vi/QgyGkvIiqr4/maxres2.jpg?sqp=-oaymwEoCIAKENAF8quKqQMcGADwAQH4Ac4FgAKACooCDAgAEAEYZSBfKFUwDw==&rs=AOn4CLAZz_EpvXyIa_GCggwg7p1H_VPsWA","0:47","Mar 6, 2023","needs_review","https://www.youtube.com/shorts/QgyGkvIiqr4","shorts","false"
"генетика #здоровье #зож #здоровоепитание #мотивация","генетика","https://www.youtube.com/watch?v=xZtLIBEuf-U","xZtLIBEuf-U","https://i.ytimg.com/vi/xZtLIBEuf-U/maxres2.jpg?sqp=-oaymwEoCIAKENAF8quKqQMcGADwAQH4Ac4FgAKACooCDAgAEAEYZSBlKGUwDw==&rs=AOn4CLDJjz98ViWz_E50Ce9ZGNBH3ZbC8A","0:39","Apr 16, 2023","needs_review","https://www.youtube.com/shorts/xZtLIBEuf-U","shorts","false"
"Генетика не приговор #тренер #motivation #генетика #мотивация #фитнес","Генетика не приговор","https://www.youtube.com/watch?v=6NrI9zCP0s4","6NrI9zCP0s4","https://i.ytimg.com/vi/6NrI9zCP0s4/maxres2.jpg?sqp=-oaymwEoCIAKENAF8quKqQMcGADwAQH4AbYIgAKAD4oCDAgAEAEYUyBaKGUwDw==&rs=AOn4CLC6zPd2Cgbmuh_po6yxaOKL5THwkA","0:19","May 6, 2024","needs_review","https://www.youtube.com/shorts/6NrI9zCP0s4","shorts","false"
"Генетика питания","Генетика питания","https://www.youtube.com/watch?v=t9iZ24cEfmE","t9iZ24cEfmE","https://i.ytimg.com/vi/t9iZ24cEfmE/maxres2.jpg?sqp=-oaymwEoCIAKENAF8quKqQMcGADwAQH4Ac4FgAKACooCDAgAEAEYZSBcKEwwDw==&rs=AOn4CLCv4LpQsYKdAU4fYPujrIxxYIXTHA","0:39","Jan 3, 2024","needs_review","https://www.youtube.com/shorts/t9iZ24cEfmE","shorts","false"
"гильотина #упражнения #грудные #здоровье #зож #фитнес #мотивация #бодибилдинг","гильотина","https://www.youtube.com/watch?v=VlDt6UgTRt4","VlDt6UgTRt4","https://i.ytimg.com/vi/VlDt6UgTRt4/maxres2.jpg?sqp=-oaymwEoCIAKENAF8quKqQMcGADwAQH4Ac4FgAKACooCDAgAEAEYYyBjKGMwDw==&rs=AOn4CLCPkMGB-hqFCLqOpdWce8IjAXdpyg","0:59","Apr 22, 2023","needs_review","https://www.youtube.com/shorts/VlDt6UgTRt4","shorts","true"
"Главное - вовремя подкрепиться!","Главное - вовремя подкрепиться!","https://www.youtube.com/watch?v=tahb1fLGbLI","tahb1fLGbLI","https://i.ytimg.com/vi/tahb1fLGbLI/maxres2.jpg?sqp=-oaymwEoCIAKENAF8quKqQMcGADwAQH4AbYIgAKAD4oCDAgAEAEYZSBeKFYwDw==&rs=AOn4CLCg94rbsqJgEthkGKf4zFBNtDEKog","0:21","Jan 16, 2024","needs_review","https://www.youtube.com/shorts/tahb1fLGbLI","shorts","false"
"ГОДНЫЙ ЛАЙФХАК #тренер #здоровье #фитнес #похудение #юмор","ГОДНЫЙ ЛАЙФХАК","https://www.youtube.com/watch?v=pD6RIl9M81k","pD6RIl9M81k","https://i.ytimg.com/vi/pD6RIl9M81k/maxres2.jpg?sqp=-oaymwEoCIAKENAF8quKqQMcGADwAQH4AbYIgAKAD4oCDAgAEAEYZSBQKEwwDw==&rs=AOn4CLC2H1aBbEGI3Evogeab2MCY5LxZDw","0:13","Aug 3, 2024","needs_review","https://www.youtube.com/shorts/pD6RIl9M81k","shorts","false"
"Головная боль может начаться с колена.","Головная боль может начаться с колена.","https://www.youtube.com/watch?v=p5f1TKFFLBI","p5f1TKFFLBI","https://i.ytimg.com/vi/p5f1TKFFLBI/maxres2.jpg?sqp=-oaymwEoCIAKENAF8quKqQMcGADwAQH4Ac4FgAKACooCDAgAEAEYZSBYKEwwDw==&rs=AOn4CLB0rJahmVaBRAWVWWpTm9BOY_b-Mw","0:48","Jan 5, 2024","needs_review","https://www.youtube.com/shorts/p5f1TKFFLBI","shorts","false"
"Готовьтесь заранее ребята #юмор #тренер #питание #нутрициология #этидни","Готовьтесь заранее ребята","https://www.youtube.com/watch?v=0Uhm--T3hxs","0Uhm--T3hxs","https://i.ytimg.com/vi/0Uhm--T3hxs/maxres2.jpg?sqp=-oaymwEoCIAKENAF8quKqQMcGADwAQH4AbYIgAKAD4oCDAgAEAEYZSBcKFIwDw==&rs=AOn4CLAEed23x3DBrCc0pDm-yF0iwBkkAQ","0:18","Mar 25, 2024","needs_review","https://www.youtube.com/shorts/0Uhm--T3hxs","shorts","false"
"Гравитация никого не щадит#осанка #кинезиолог #фитнес #здоровье #фигурамечты","Гравитация никого не щадит","https://www.youtube.com/watch?v=LRZMjg0LA3U","LRZMjg0LA3U","https://i.ytimg.com/vi/LRZMjg0LA3U/maxres2.jpg?sqp=-oaymwEoCIAKENAF8quKqQMcGADwAQH4AbYIgAKAD4oCDAgAEAEYZSBlKGUwDw==&rs=AOn4CLD8KJK9wIUjdpOpsiLUTMs0FEezbQ","0:17","Apr 23, 2024","needs_review","https://www.youtube.com/shorts/LRZMjg0LA3U","shorts","false"
"Гражданин Шиложопкин","Гражданин Шиложопкин","https://www.youtube.com/watch?v=at-eJB44M7A","at-eJB44M7A","https://i.ytimg.com/vi/at-eJB44M7A/maxres2.jpg?sqp=-oaymwEoCIAKENAF8quKqQMcGADwAQH4AbYIgAKAD4oCDAgAEAEYZSBdKFMwDw==&rs=AOn4CLCApRVR8spvGTkkAtGHZOf_JnmMKA","0:15","Jan 11, 2024","needs_review","https://www.youtube.com/shorts/at-eJB44M7A","shorts","false"
"День ног! никаких крылышек и стрипсов!","День ног! никаких крылышек и стрипсов!","https://www.youtube.com/watch?v=w7pjwrDSlyA","w7pjwrDSlyA","https://i.ytimg.com/vi/w7pjwrDSlyA/maxres2.jpg?sqp=-oaymwEoCIAKENAF8quKqQMcGADwAQH4Ac4FgAKACooCDAgAEAEYciBMKDUwDw==&rs=AOn4CLBNbHhjEQzEjiQEU8Sjvzpn_R1dww","0:08","Sep 19, 2025","ноги","https://www.youtube.com/shorts/w7pjwrDSlyA","shorts","false"
"дефицит калорий не работает #тренер #калории #диета #похудеть #просушиться","дефицит калорий не работает","https://www.youtube.com/watch?v=MZ1Me34Nd5o","MZ1Me34Nd5o","https://i.ytimg.com/vi/MZ1Me34Nd5o/maxres2.jpg?sqp=-oaymwEoCIAKENAF8quKqQMcGADwAQH4AbYIgAKAD4oCDAgAEAEYEyBMKH8wDw==&rs=AOn4CLDAcF4sZOi127ETMyhze8SiiHavsw","0:20","Apr 5, 2024","needs_review","https://www.youtube.com/shorts/MZ1Me34Nd5o","shorts","false"
"диета на бургерах для идиотов. Здоровый рацион в описании. #зож #диета #нутрициолог #диетанабургерах","диета на бургерах для идиотов. Здоровый рацион в описании.","https://www.youtube.com/watch?v=xGbq7pXDlYs","xGbq7pXDlYs","https://i.ytimg.com/vi/xGbq7pXDlYs/maxres2.jpg?sqp=-oaymwEoCIAKENAF8quKqQMcGADwAQH4AbYIgAKAD4oCDAgAEAEYZSBHKEEwDw==&rs=AOn4CLCSgrywPzzHE_N-2GPjike-xb85Bw","0:27","Feb 8, 2024","needs_review","https://www.youtube.com/shorts/xGbq7pXDlYs","shorts","false"
"Диеты на бургерах не существует! #тренер #фитнес #диетанабургерах #диета #похудение","Диеты на бургерах не существует!","https://www.youtube.com/watch?v=iSs674LBlAQ","iSs674LBlAQ","https://i.ytimg.com/vi/iSs674LBlAQ/maxres2.jpg?sqp=-oaymwEoCIAKENAF8quKqQMcGADwAQH4AbYIgAKAD4oCDAgAEAEYZSBfKE4wDw==&rs=AOn4CLDI-npBL-hIKd1K7zpVHEVgXmDdsw","0:23","Mar 29, 2024","needs_review","https://www.youtube.com/shorts/iSs674LBlAQ","shorts","false"
"До весны осталось 14 тренировок","До весны осталось 14 тренировок","https://www.youtube.com/watch?v=nM3FqXNe5eQ","nM3FqXNe5eQ","https://i.ytimg.com/vi/nM3FqXNe5eQ/maxres2.jpg?sqp=-oaymwEoCIAKENAF8quKqQMcGADwAQH4AbYIgAKAD4oCDAgAEAEYZSBbKE8wDw==&rs=AOn4CLDbE9MlrTRcFFxv4BF_7_V3w3wBRw","0:10","Jan 17, 2024","needs_review","https://www.youtube.com/shorts/nM3FqXNe5eQ","shorts","false"
"Добавки против старения #фитнес #motivation #зож #старение #нутрициолог #генетика","Добавки против старения","https://www.youtube.com/watch?v=1Ekb6GCbZL4","1Ekb6GCbZL4","https://i.ytimg.com/vi/1Ekb6GCbZL4/maxres2.jpg?sqp=-oaymwEoCIAKENAF8quKqQMcGADwAQH4AbYIgAKAD4oCDAgAEAEYZSBYKEswDw==&rs=AOn4CLB9DEPB11dcWAW-SdbLZfnW0KZdVA","0:06","May 8, 2024","needs_review","https://www.youtube.com/shorts/1Ekb6GCbZL4","shorts","false"
"Доброе утро зомби!) #циркадныеритмы #сон #гормоны #восстановление  #здоровье #тело #tagirfruit","Доброе утро зомби!)","https://www.youtube.com/watch?v=j3iYpq3BaTI","j3iYpq3BaTI","https://i.ytimg.com/vi/j3iYpq3BaTI/maxres2.jpg?sqp=-oaymwEoCIAKENAF8quKqQMcGADwAQH4AbYIgAKAD4oCDAgAEAEYTiBgKGUwDw==&rs=AOn4CLDUQgTHpuxDpOYKTb31uZpVX3rUXw","0:17","Jun 17, 2025","needs_review","https://www.youtube.com/shorts/j3iYpq3BaTI","shorts","false"
"Если хочешь быть здоровым, не верти башкой в столовой)","Если хочешь быть здоровым, не верти башкой в столовой)","https://www.youtube.com/watch?v=okjr7H0KkXw","okjr7H0KkXw","https://i.ytimg.com/vi/okjr7H0KkXw/maxres2.jpg?sqp=-oaymwEoCIAKENAF8quKqQMcGADwAQH4Ac4FgAKACooCDAgAEAEYciBFKC8wDw==&rs=AOn4CLAXlrvuPD6rYMmF4b8sXdaUgkGPZg","0:08","Sep 19, 2025","needs_review","https://www.youtube.com/shorts/okjr7H0KkXw","shorts","false"
"Ещё видео упражнений на канале","Ещё видео упражнений на канале","https://www.youtube.com/watch?v=UuVDCmQyVWo","UuVDCmQyVWo","https://i.ytimg.com/vi/UuVDCmQyVWo/maxres2.jpg?sqp=-oaymwEoCIAKENAF8quKqQMcGADwAQH4AbYIgAKAD4oCDAgAEAEYciBLKDwwDw==&rs=AOn4CLBc6gYoraVTcDXfVZw_R3dgllfZ1g","1:00","Nov 21, 2024","needs_review","https://www.youtube.com/shorts/UuVDCmQyVWo","shorts","false"
"Ещё видео упражнений на канале","Ещё видео упражнений на канале","https://www.youtube.com/watch?v=JIVseUnET6I","JIVseUnET6I","https://i.ytimg.com/vi/JIVseUnET6I/maxres2.jpg?sqp=-oaymwEoCIAKENAF8quKqQMcGADwAQH4Ac4FgAKACooCDAgAEAEYZSBjKFIwDw==&rs=AOn4CLCGffqHCbecK6L-X2jv7J3Avizgvw","0:53","Nov 21, 2024","needs_review","https://www.youtube.com/shorts/JIVseUnET6I","shorts","false"
"Еще один любитель энергетиков:)","Еще один любитель энергетиков:)","https://www.youtube.com/watch?v=cBZX24xbihI","cBZX24xbihI","https://i.ytimg.com/vi/cBZX24xbihI/maxres2.jpg?sqp=-oaymwEoCIAKENAF8quKqQMcGADwAQH4AbYIgAKAD4oCDAgAEAEYZSBfKFEwDw==&rs=AOn4CLCkxTz7QuJuDVtVd-slnHD2mSry8g","0:04","Jan 24, 2024","needs_review","https://www.youtube.com/shorts/cBZX24xbihI","shorts","false"
"Забудь о боли в коленях #тренер #больвколене #боливколенях #осанка #здоровье","Забудь о боли в коленях","https://www.youtube.com/watch?v=th1BfzEn890","th1BfzEn890","https://i.ytimg.com/vi/th1BfzEn890/maxres2.jpg?sqp=-oaymwEoCIAKENAF8quKqQMcGADwAQH4AbYIgAKAD4oCDAgAEAEYZSBaKEMwDw==&rs=AOn4CLBQHX_wTNqJ-QkfM3Tw1KdBc6wbpQ","0:18","May 13, 2024","needs_review","https://www.youtube.com/shorts/th1BfzEn890","shorts","false"
"Зато бегает хорошо","Зато бегает хорошо","https://www.youtube.com/watch?v=e0w33vgTifk","e0w33vgTifk","https://i.ytimg.com/vi/e0w33vgTifk/maxres2.jpg?sqp=-oaymwEoCIAKENAF8quKqQMcGADwAQH4AbYIgAKAD4oCDAgAEAEYZSBVKEYwDw==&rs=AOn4CLCcOgHT-e5NGNhYYIOLwtFur0VOnw","0:14","Jan 19, 2024","needs_review","https://www.youtube.com/shorts/e0w33vgTifk","shorts","false"
"Зачем человеку жопа?#жопа #попа #орех #ягодицы #фитнес","Зачем человеку жопа?","https://www.youtube.com/watch?v=-9ML6MeYsvQ","-9ML6MeYsvQ","https://i.ytimg.com/vi/-9ML6MeYsvQ/maxres2.jpg?sqp=-oaymwEoCIAKENAF8quKqQMcGADwAQH4Ac4FgAKACooCDAgAEAEYZSBbKEwwDw==&rs=AOn4CLAJbuq2ZefaCyfkCdg5YDox0atKsw","0:41","Mar 14, 2024","needs_review","https://www.youtube.com/shorts/-9ML6MeYsvQ","shorts","false"
"здесь про здоровье #тренер #здоровье #фитнес #похудение #зож","здесь про здоровье","https://www.youtube.com/watch?v=DGYBk5c770g","DGYBk5c770g","https://i.ytimg.com/vi/DGYBk5c770g/maxres2.jpg?sqp=-oaymwEoCIAKENAF8quKqQMcGADwAQH4AbYIgAKAD4oCDAgAEAEYZSBYKEMwDw==&rs=AOn4CLAcWrrmarVw0SFICvjlhtRhbMqbfg","0:34","Aug 5, 2024","needs_review","https://www.youtube.com/shorts/DGYBk5c770g","shorts","false"
"Здоровый сон, залог твоей молодости.","Здоровый сон, залог твоей молодости.","https://www.youtube.com/watch?v=FOcy1l3PxW0","FOcy1l3PxW0","https://i.ytimg.com/vi/FOcy1l3PxW0/maxres2.jpg?sqp=-oaymwEoCIAKENAF8quKqQMcGADwAQH4Ac4FgAKACooCDAgAEAEYZSBlKFUwDw==&rs=AOn4CLCg4IXZFL7PBF2gil1ZN5OZptXE_A","0:37","Feb 15, 2023","needs_review","https://www.youtube.com/shorts/FOcy1l3PxW0","shorts","false"
"здоровье позвоночника #здоровье #упражнениядляосанки","здоровье позвоночника","https://www.youtube.com/watch?v=f5UH0t4kStE","f5UH0t4kStE","https://i.ytimg.com/vi/f5UH0t4kStE/maxres2.jpg?sqp=-oaymwEoCIAKENAF8quKqQMcGADwAQH4Ac4FgAKACooCDAgAEAEYRiBWKHIwDw==&rs=AOn4CLBKVGNgLGh3S0CaxlDkjYMO4vBjfQ","0:19","Mar 13, 2023","needs_review","https://www.youtube.com/shorts/f5UH0t4kStE","shorts","false"
"знакомьтесь, это Луняша:) #питомцы #кошка #юмор #луняша","знакомьтесь, это Луняша:)","https://www.youtube.com/watch?v=KMeuvuaV9rk","KMeuvuaV9rk","https://i.ytimg.com/vi/KMeuvuaV9rk/maxres2.jpg?sqp=-oaymwEoCIAKENAF8quKqQMcGADwAQH4Ac4FgAKACooCDAgAEAEYZSBgKFMwDw==&rs=AOn4CLD97jIcnHaAiNwOjCl1KIa3r7IaKQ","0:28","May 7, 2024","needs_review","https://www.youtube.com/shorts/KMeuvuaV9rk","shorts","false"
"И НАФИГА МНЕ ЦИНК? Цинк #Здоровье #Иммунитет #Витамины  #ЗОЖ #Биодобавки #Антиоксиданты","И НАФИГА МНЕ ЦИНК? Цинк","https://www.youtube.com/watch?v=8OvGePL5d-c","8OvGePL5d-c","https://i.ytimg.com/vi/8OvGePL5d-c/maxres2.jpg?sqp=-oaymwEoCIAKENAF8quKqQMcGADwAQH4AbYIgAKAD4oCDAgAEAEYZSBhKEkwDw==&rs=AOn4CLDG-VIfDl8P7_boEHDxg0uCK5mGVw","0:16","Jun 4, 2024","needs_review","https://www.youtube.com/shorts/8OvGePL5d-c","shorts","false"
"Изменение гормонального фона при начале тренировок.","Изменение гормонального фона при начале тренировок.","https://www.youtube.com/watch?v=RPyuOxUGveU","RPyuOxUGveU","https://i.ytimg.com/vi/RPyuOxUGveU/maxres2.jpg?sqp=-oaymwEoCIAKENAF8quKqQMcGADwAQH4Ac4FgAKACooCDAgAEAEYZSBlKGUwDw==&rs=AOn4CLCjyWsfxmIVG8ibSeiO2Ggt1Rdfdw","0:46","Feb 21, 2023","ноги","https://www.youtube.com/shorts/RPyuOxUGveU","shorts","false"
"Изменения работы мозга при начале тренировок.","Изменения работы мозга при начале тренировок.","https://www.youtube.com/watch?v=3NahPgOGZIU","3NahPgOGZIU","https://i.ytimg.com/vi/3NahPgOGZIU/maxres2.jpg?sqp=-oaymwEoCIAKENAF8quKqQMcGADwAQH4Ac4FgAKACooCDAgAEAEYZCBkKGQwDw==&rs=AOn4CLCvJ0N2VhZb3KDofbaJrNV87QijOg","0:48","Feb 22, 2023","needs_review","https://www.youtube.com/shorts/3NahPgOGZIU","shorts","false"
"Или эта подруга - ты? #фитнес #тренер #похудение #диета #похудетьбыстро","Или эта подруга - ты?","https://www.youtube.com/watch?v=TYimygj6WN0","TYimygj6WN0","https://i.ytimg.com/vi/TYimygj6WN0/maxres2.jpg?sqp=-oaymwEoCIAKENAF8quKqQMcGADwAQH4AbYIgAKAD4oCDAgAEAEYZiBmKGYwDw==&rs=AOn4CLDX3UvmvP5F7TRN5Qdu8n5dasmZhw","0:09","Mar 26, 2024","needs_review","https://www.youtube.com/shorts/TYimygj6WN0","shorts","false"
"Инстаграм tagirfruit #тренер #здоровье #оземпик #похудение","Инстаграм tagirfruit","https://www.youtube.com/watch?v=32BqkPygn8c","32BqkPygn8c","https://i.ytimg.com/vi/32BqkPygn8c/maxres2.jpg?sqp=-oaymwEoCIAKENAF8quKqQMcGADwAQH4AbYIgAKAD4oCDAgAEAEYQSBjKGUwDw==&rs=AOn4CLBURMetiVUeNXtTkjeQMgXMkMa0mQ","0:12","Jul 29, 2024","needs_review","https://www.youtube.com/shorts/32BqkPygn8c","shorts","false"
"Как выровнять осанку","Как выровнять осанку","https://www.youtube.com/watch?v=PiOk3UpiBIo","PiOk3UpiBIo","https://i.ytimg.com/vi/PiOk3UpiBIo/maxres2.jpg?sqp=-oaymwEoCIAKENAF8quKqQMcGADwAQH4AbYIgAKAD4oCDAgAEAEYZSBaKE8wDw==&rs=AOn4CLAL11ObLY6uHxQm4iSwhRxLguXEeg","0:05","Jun 23, 2025","needs_review","https://www.youtube.com/shorts/PiOk3UpiBIo","shorts","false"
"Как думаешь, нашел?#спорт #юмор #пресс #тренер #похудение #фитнес","Как думаешь, нашел?","https://www.youtube.com/watch?v=oAdjdoRimnY","oAdjdoRimnY","https://i.ytimg.com/vi/oAdjdoRimnY/maxres2.jpg?sqp=-oaymwEoCIAKENAF8quKqQMcGADwAQH4Ac4FgAKACooCDAgAEAEYZSBNKEQwDw==&rs=AOn4CLBrPA4lKyEw04xWFtPRL24Hb93bXA","0:17","Mar 7, 2024","needs_review","https://www.youtube.com/shorts/oAdjdoRimnY","shorts","false"
"Как есть сладкое и при этом худеть:)#сладкое #фитнес #диета #естьсладкоеихудеть #нутрициолог","Как есть сладкое и при этом худеть:)","https://www.youtube.com/watch?v=p_lvRNVMpo0","p_lvRNVMpo0","https://i.ytimg.com/vi/p_lvRNVMpo0/maxres2.jpg?sqp=-oaymwEoCIAKENAF8quKqQMcGADwAQH4Ac4FgAKACooCDAgAEAEYZSBgKFQwDw==&rs=AOn4CLBPsREyIcQoAIOK6DSM0snoCzqE3w","0:45","Apr 1, 2024","needs_review","https://www.youtube.com/shorts/p_lvRNVMpo0","shorts","false"
"Как заниматься при болях в коленных суставах. #лфк #зож #кинезиология #фитнес #здоровье #питание","Как заниматься при болях в коленных суставах.","https://www.youtube.com/watch?v=oQO_ivP1ZiE","oQO_ivP1ZiE","https://i.ytimg.com/vi/oQO_ivP1ZiE/maxres2.jpg?sqp=-oaymwEoCIAKENAF8quKqQMcGADwAQH4Ac4FgAKACooCDAgAEAEYZSBlKFUwDw==&rs=AOn4CLBLFul4QotayVS8BlHo8cceu1KH8g","0:38","Feb 17, 2023","needs_review","https://www.youtube.com/shorts/oQO_ivP1ZiE","shorts","false"
"Как можно вкусно и полезно питаться. #тренер #фитнес #зож #здоровье #юмор #похудение #диета","Как можно вкусно и полезно питаться.","https://www.youtube.com/watch?v=D_GiRs9t4rc","D_GiRs9t4rc","https://i.ytimg.com/vi/D_GiRs9t4rc/maxres2.jpg?sqp=-oaymwEoCIAKENAF8quKqQMcGADwAQH4Ac4FgAKACooCDAgAEAEYZSBcKE0wDw==&rs=AOn4CLA5dGVj_1SroYqyPx7QocbvKReCew","0:29","Mar 18, 2024","needs_review","https://www.youtube.com/shorts/D_GiRs9t4rc","shorts","false"
"Как мы худеем, краткий экскурс. #фитнес #здоровье #зож #кинезиология #лфк #качалка #здоровоепитание","Как мы худеем, краткий экскурс.","https://www.youtube.com/watch?v=MC1Re8lPW-M","MC1Re8lPW-M","https://i.ytimg.com/vi/MC1Re8lPW-M/maxres2.jpg?sqp=-oaymwEoCIAKENAF8quKqQMcGADwAQH4Ac4FgAKACooCDAgAEAEYZSBfKFUwDw==&rs=AOn4CLAin4sXvVB9UmytIzXkcQlfXVw4LQ","0:53","Feb 18, 2023","needs_review","https://www.youtube.com/shorts/MC1Re8lPW-M","shorts","false"
"Как мы худеем, просто и на пальцах.","Как мы худеем, просто и на пальцах.","https://www.youtube.com/watch?v=vU_x0t8cEvg","vU_x0t8cEvg","https://i.ytimg.com/vi/vU_x0t8cEvg/maxres2.jpg?sqp=-oaymwEoCIAKENAF8quKqQMcGADwAQH4Ac4FgAKACooCDAgAEAEYaiBqKGowDw==&rs=AOn4CLBRTiglzITTBHU8mUER2k25h321kA","0:44","Feb 13, 2023","needs_review","https://www.youtube.com/shorts/vU_x0t8cEvg","shorts","false"
"Как набирать массу эктоморфу.#набормассы #эктоморф #зож #силовыетренировки #тренер  #рекомендации","Как набирать массу эктоморфу.","https://www.youtube.com/watch?v=0D6oW2DFFho","0D6oW2DFFho","https://i.ytimg.com/vi/0D6oW2DFFho/maxres2.jpg?sqp=-oaymwEoCIAKENAF8quKqQMcGADwAQH4Ac4FgAKACooCDAgAEAEYZSBeKFEwDw==&rs=AOn4CLB_8NVGRqIteleiB38XXXRx0un_8w","1:00","Mar 12, 2024","needs_review","https://www.youtube.com/shorts/0D6oW2DFFho","shorts","false"
"Как набирать мышечную массу. #здоровье #зож #фитнес #мышечнаямасса","Как набирать мышечную массу.","https://www.youtube.com/watch?v=B8kXWI1dz_E","B8kXWI1dz_E","https://i.ytimg.com/vi/B8kXWI1dz_E/maxres2.jpg?sqp=-oaymwEoCIAKENAF8quKqQMcGADwAQH4Ac4FgAKACooCDAgAEAEYZSBjKFkwDw==&rs=AOn4CLAaIRqm8knmFDlxCOtDjYuCWdQ08w","0:24","Apr 12, 2023","needs_review","https://www.youtube.com/shorts/B8kXWI1dz_E","shorts","false"
"Как надо подтягиваться #юмор #зож #животные #фитнес #тренер","Как надо подтягиваться","https://www.youtube.com/watch?v=dQzZgLET5LU","dQzZgLET5LU","https://i.ytimg.com/vi/dQzZgLET5LU/maxres2.jpg?sqp=-oaymwEoCIAKENAF8quKqQMcGADwAQH4AbYIgAKAD4oCDAgAEAEYZSBXKEkwDw==&rs=AOn4CLBgh2Q0Yi9Jfd8psdUs01xE91QL4A","0:15","Apr 9, 2024","спина","https://www.youtube.com/shorts/dQzZgLET5LU","shorts","false"
"Как накачать красивую попу #красиваяпопа#фитоняшки","Как накачать красивую попу","https://www.youtube.com/watch?v=Bcl6as8SuKE","Bcl6as8SuKE","https://i.ytimg.com/vi/Bcl6as8SuKE/maxres2.jpg?sqp=-oaymwEoCIAKENAF8quKqQMcGADwAQH4Ac4FgAKACooCDAgAEAEYRyBTKHIwDw==&rs=AOn4CLDxPIeuD_wUgyAVn-_w4_EMmeg6NA","0:15","Mar 14, 2023","needs_review","https://www.youtube.com/shorts/Bcl6as8SuKE","shorts","false"
"Как начать, если нет мотивации? #мотивация #дисциплина #фитнесмышление #tagirfruit #зал #начни","Как начать, если нет мотивации?","https://www.youtube.com/watch?v=YO4Pr9w6PlU","YO4Pr9w6PlU","https://i.ytimg.com/vi/YO4Pr9w6PlU/maxres2.jpg?sqp=-oaymwEoCIAKENAF8quKqQMcGADwAQH4AbYIgAKAD4oCDAgAEAEYZSBgKE8wDw==&rs=AOn4CLCdHZxyHfG4C2bRrGrdOaFsxpMaoA","0:05","Jun 21, 2025","needs_review","https://www.youtube.com/shorts/YO4Pr9w6PlU","shorts","false"
"Как не попасть в иллюзию результата. #ошибкиновичков #осанка #фасциальныецепи #tagirfruit","Как не попасть в иллюзию результата.","https://www.youtube.com/watch?v=6H9r0auwop8","6H9r0auwop8","https://i.ytimg.com/vi/6H9r0auwop8/maxres2.jpg?sqp=-oaymwEoCIAKENAF8quKqQMcGADwAQH4AbYIgAKAD4oCDAgAEAEYZSBgKFMwDw==&rs=AOn4CLDEGYC_omVxOuKN_mgZtAIQnw-Geg","0:07","Jun 15, 2025","needs_review","https://www.youtube.com/shorts/6H9r0auwop8","shorts","false"
"как не потерять мотивацию на длительной диете #motivation #fitness #похудение #диета","как не потерять мотивацию на длительной диете","https://www.youtube.com/watch?v=kxilNzg_5cI","kxilNzg_5cI","https://i.ytimg.com/vi/kxilNzg_5cI/maxres2.jpg?sqp=-oaymwEoCIAKENAF8quKqQMcGADwAQH4Ac4FgAKACooCDAgAEAEYZSBkKFgwDw==&rs=AOn4CLBISpQHq5mRWBZ_TMbgvVwtrpikKw","0:12","Mar 30, 2023","needs_review","https://www.youtube.com/shorts/kxilNzg_5cI","shorts","false"
"Как не срываться то!? #интегративныйподход #безперегруза #сон #тренировки #антиинфоцыган #tagirfruit","Как не срываться то!?","https://www.youtube.com/watch?v=tau3YShuHf0","tau3YShuHf0","https://i.ytimg.com/vi/tau3YShuHf0/maxres2.jpg?sqp=-oaymwEoCIAKENAF8quKqQMcGADwAQH4AbYIgAKAD4oCDAgAEAEYZSBjKFQwDw==&rs=AOn4CLCmxSsrl4Nz6khyP_bLvzdzSerMUQ","0:05","Jun 19, 2025","needs_review","https://www.youtube.com/shorts/tau3YShuHf0","shorts","false"
"Как отличается количество подходов и повторений. А так же время под нагрузкой.","Как отличается количество подходов и повторений. А так же время под нагрузкой.","https://www.youtube.com/watch?v=Hjvx6OpVpI8","Hjvx6OpVpI8","https://i.ytimg.com/vi/Hjvx6OpVpI8/maxres2.jpg?sqp=-oaymwEoCIAKENAF8quKqQMcGADwAQH4Ac4FgAKACooCDAgAEAEYZSBeKFQwDw==&rs=AOn4CLCwFgvTOu06f3E0RiLux8idV2a4wQ","0:52","Feb 20, 2023","needs_review","https://www.youtube.com/shorts/Hjvx6OpVpI8","shorts","false"
"Как перестать переедать по вечерам #здоровье #фитнес #здоровоепитание #зож","Как перестать переедать по вечерам","https://www.youtube.com/watch?v=1E-Iy3_ETEY","1E-Iy3_ETEY","https://i.ytimg.com/vi/1E-Iy3_ETEY/maxres2.jpg?sqp=-oaymwEoCIAKENAF8quKqQMcGADwAQH4Ac4FgAKACooCDAgAEAEYZSBjKFkwDw==&rs=AOn4CLCq-nlK1fVrmuEnC71wNHK_Hq3l4g","0:16","Apr 10, 2023","needs_review","https://www.youtube.com/shorts/1E-Iy3_ETEY","shorts","false"
"Как подбирать витамины #motivation #фитнес #fitness #зож #lifestyle","Как подбирать витамины","https://www.youtube.com/watch?v=M19nmAfzb6Q","M19nmAfzb6Q","https://i.ytimg.com/vi/M19nmAfzb6Q/maxres2.jpg?sqp=-oaymwEoCIAKENAF8quKqQMcGADwAQH4Ac4FgAKACooCDAgAEAEYZSBjKFcwDw==&rs=AOn4CLD_T1OT_yA26-y9cIniNce-TjMK5g","0:11","Apr 5, 2023","needs_review","https://www.youtube.com/shorts/M19nmAfzb6Q","shorts","false"
"как подбирать упражнения #здоровье #здоровоепитание #зож #мотивация","как подбирать упражнения","https://www.youtube.com/watch?v=WFJFc_zlMA4","WFJFc_zlMA4","https://i.ytimg.com/vi/WFJFc_zlMA4/maxres2.jpg?sqp=-oaymwEoCIAKENAF8quKqQMcGADwAQH4Ac4FgAKACooCDAgAEAEYZSBhKFgwDw==&rs=AOn4CLARyJWRvFGywoPTyD7A6PE0pM1zfw","0:26","Apr 15, 2023","needs_review","https://www.youtube.com/shorts/WFJFc_zlMA4","shorts","false"
"как подобрать обувь для тренировок #фитнес #здоровье #зож #fitnessmotivation","как подобрать обувь для тренировок","https://www.youtube.com/watch?v=EHWydIDauZU","EHWydIDauZU","https://i.ytimg.com/vi/EHWydIDauZU/maxres2.jpg?sqp=-oaymwEoCIAKENAF8quKqQMcGADwAQH4Ac4FgAKACooCDAgAEAEYZSBjKFcwDw==&rs=AOn4CLDkSOicGKCxmiLQKbErxodEC78T6g","0:10","Apr 4, 2023","needs_review","https://www.youtube.com/shorts/EHWydIDauZU","shorts","false"
"Как подобрать программу тренировок #здоровье #зож #здоровоепитание #бодибилдинг #мотивация","Как подобрать программу тренировок","https://www.youtube.com/watch?v=E0-i4_jMuKE","E0-i4_jMuKE","https://i.ytimg.com/vi/E0-i4_jMuKE/maxres2.jpg?sqp=-oaymwEoCIAKENAF8quKqQMcGADwAQH4Ac4FgAKACooCDAgAEAEYZSBiKFgwDw==&rs=AOn4CLAadEssoYMG0UBd8U_ZgrWvmMMT-A","0:11","Apr 13, 2023","needs_review","https://www.youtube.com/shorts/E0-i4_jMuKE","shorts","false"
"Как подтянуть фигуру. Гайд в первом комментарии #тренер #мотивация #тренировки #подтянутьфигуру","Как подтянуть фигуру. Гайд в первом комментарии","https://www.youtube.com/watch?v=7HcQo54xMNE","7HcQo54xMNE","https://i.ytimg.com/vi/7HcQo54xMNE/maxres2.jpg?sqp=-oaymwEoCIAKENAF8quKqQMcGADwAQH4Ac4FgAKACooCDAgAEAEYZSBeKFAwDw==&rs=AOn4CLBtKJoghiWZDgReeu1rejyB-7tcGw","0:46","Mar 11, 2024","needs_review","https://www.youtube.com/shorts/7HcQo54xMNE","shorts","false"
"Как правильно делать кардио #кардио #тренер #зож #фитнес #пульс #здоровье #советы","Как правильно делать кардио","https://www.youtube.com/watch?v=KfCIeuYDAoo","KfCIeuYDAoo","https://i.ytimg.com/vi/KfCIeuYDAoo/maxres2.jpg?sqp=-oaymwEoCIAKENAF8quKqQMcGADwAQH4AbYIgAKAD4oCDAgAEAEYZSBeKFAwDw==&rs=AOn4CLCybvsGrJKhVBfBniRX7y-1cz2nag","0:52","Mar 27, 2024","needs_review","https://www.youtube.com/shorts/KfCIeuYDAoo","shorts","false"
"Как разоблачать инфоцыган. #инфоцыгане #эксперт #разоблачение #честныйфитнес #безобмана #tagirfruit","Как разоблачать инфоцыган.","https://www.youtube.com/watch?v=Orw4jtOQJLU","Orw4jtOQJLU","https://i.ytimg.com/vi/Orw4jtOQJLU/maxres2.jpg?sqp=-oaymwEoCIAKENAF8quKqQMcGADwAQH4AbYIgAKAD4oCDAgAEAEYZSBhKEswDw==&rs=AOn4CLDyk3YKb01gRhsn4hNBdyH-WZ0tDg","0:05","Jun 18, 2025","needs_review","https://www.youtube.com/shorts/Orw4jtOQJLU","shorts","false"
"как разогнать метаболизм #здоровье #фитнес #здоровоепитание #бодибилдинг #мотивация","как разогнать метаболизм","https://www.youtube.com/watch?v=6C0uCcmK0_k","6C0uCcmK0_k","https://i.ytimg.com/vi/6C0uCcmK0_k/maxres2.jpg?sqp=-oaymwEoCIAKENAF8quKqQMcGADwAQH4Ac4FgAKACooCDAgAEAEYPiBUKHIwDw==&rs=AOn4CLCNDivvTDjGXxb4crBxLNDnuH0ddQ","0:30","Apr 24, 2023","needs_review","https://www.youtube.com/shorts/6C0uCcmK0_k","shorts","false"
"Как разогнать мотивацию.#мотивация #телоизменяется #тренируйсядома #цельимотивация #tagirfruit","Как разогнать мотивацию.","https://www.youtube.com/watch?v=03dJ2obzez4","03dJ2obzez4","https://i.ytimg.com/vi/03dJ2obzez4/maxres2.jpg?sqp=-oaymwEoCIAKENAF8quKqQMcGADwAQH4AbYIgAKAD4oCDAgAEAEYZSBgKFMwDw==&rs=AOn4CLDVBJrzYrg7Gmm1wx7Q2dHvA9mTcg","0:07","Jun 13, 2025","needs_review","https://www.youtube.com/shorts/03dJ2obzez4","shorts","false"
"как сделать свой план питания #motivation #фитнес #питание #здоровье #зож #fitness #здоровье","как сделать свой план питания","https://www.youtube.com/watch?v=F7Bte3r-808","F7Bte3r-808","https://i.ytimg.com/vi/F7Bte3r-808/maxres2.jpg?sqp=-oaymwEoCIAKENAF8quKqQMcGADwAQH4Ac4FgAKACooCDAgAEAEYZSBjKFcwDw==&rs=AOn4CLCFfRhtv7DOweneiy1zANzKcutAVQ","0:15","Apr 1, 2023","needs_review","https://www.youtube.com/shorts/F7Bte3r-808","shorts","false"
"Как себя мотивировать #спорт #делайкактренер #какнакачатьбицепс #motivation","Как себя мотивировать","https://www.youtube.com/watch?v=itJZoHgGigY","itJZoHgGigY","https://i.ytimg.com/vi/itJZoHgGigY/maxres2.jpg?sqp=-oaymwEoCIAKENAF8quKqQMcGADwAQH4AbYIgAKAD4oCDAgAEAEYZSBfKE4wDw==&rs=AOn4CLBjkjAnmQpwCb8qoUEYyj3AgpET5w","0:05","Jun 9, 2025","needs_review","https://www.youtube.com/shorts/itJZoHgGigY","shorts","false"
"как сжигать больше калорий при похудении #тренер #фитнес #здоровье #зож #похудение","как сжигать больше калорий при похудении","https://www.youtube.com/watch?v=UR0uUstqaY0","UR0uUstqaY0","https://i.ytimg.com/vi/UR0uUstqaY0/maxres2.jpg?sqp=-oaymwEoCIAKENAF8quKqQMcGADwAQH4AbYIgAKAD4oCDAgAEAEYciBZKDowDw==&rs=AOn4CLCUmwmmcrgWMtZnP4pbPJOGRboYzg","0:27","Jun 22, 2024","needs_review","https://www.youtube.com/shorts/UR0uUstqaY0","shorts","false"
"как спорт влияет на мозг #motivation #фитнес #зож #здоровье","как спорт влияет на мозг","https://www.youtube.com/watch?v=CoLcV_ZG88E","CoLcV_ZG88E","https://i.ytimg.com/vi/CoLcV_ZG88E/maxres2.jpg?sqp=-oaymwEoCIAKENAF8quKqQMcGADwAQH4Ac4FgAKACooCDAgAEAEYZSBkKFcwDw==&rs=AOn4CLBHSrTF4oF6LVSKvgd_Qztho9y8gA","0:12","Apr 3, 2023","needs_review","https://www.youtube.com/shorts/CoLcV_ZG88E","shorts","false"
"Как стать выше ростом #спорт #tagirfruit #рост","Как стать выше ростом","https://www.youtube.com/watch?v=SsO-ySOpTeY","SsO-ySOpTeY","https://i.ytimg.com/vi/SsO-ySOpTeY/maxres2.jpg?sqp=-oaymwEoCIAKENAF8quKqQMcGADwAQH4AbYIgAKAD4oCDAgAEAEYZSBdKE8wDw==&rs=AOn4CLBQhSf9rxTaNMgTGc3wZfefQFO0Kg","0:05","Jun 23, 2025","needs_review","https://www.youtube.com/shorts/SsO-ySOpTeY","shorts","false"
"Как строить тренировки #качалка #тренер #фитнес #зож #бодибилдинг #здоровье #генетика #советы #ответ","Как строить тренировки","https://www.youtube.com/watch?v=-uvirlfDCGg","-uvirlfDCGg","https://i.ytimg.com/vi/-uvirlfDCGg/maxres2.jpg?sqp=-oaymwEoCIAKENAF8quKqQMcGADwAQH4Ac4FgAKACooCDAgAEAEYZSBeKFEwDw==&rs=AOn4CLCjadcYJBlg5ckEJ8-LKResPQfdMw","0:39","Feb 1, 2024","needs_review","https://www.youtube.com/shorts/-uvirlfDCGg","shorts","false"
"как строить тренировки #фитнес #зож #здоровоепитание","как строить тренировки","https://www.youtube.com/watch?v=jdH1Zv2vWWU","jdH1Zv2vWWU","https://i.ytimg.com/vi/jdH1Zv2vWWU/maxres2.jpg?sqp=-oaymwEoCIAKENAF8quKqQMcGADwAQH4Ac4FgAKACooCDAgAEAEYQyBVKHIwDw==&rs=AOn4CLBvMNaZXvo_3nLwv3g0mtmizwZcYQ","0:19","Mar 15, 2023","needs_review","https://www.youtube.com/shorts/jdH1Zv2vWWU","shorts","false"
"Как тело изменится через 12 месяцев #мотивация #фитнесдлядуши #начнисегодня #здоровьедвижение","Как тело изменится через 12 месяцев","https://www.youtube.com/watch?v=-q18IM-M1as","-q18IM-M1as","https://i.ytimg.com/vi/-q18IM-M1as/maxres2.jpg?sqp=-oaymwEoCIAKENAF8quKqQMcGADwAQH4AbYIgAKAD4oCDAgAEAEYZSBeKE4wDw==&rs=AOn4CLC9lf8WQP0SD3QgjzMySY1UxxEpsA","0:06","Jun 11, 2025","needs_review","https://www.youtube.com/shorts/-q18IM-M1as","shorts","false"
"Как тело меняется за три месяца.#мотивация #фитнеспуть #3месяца #осанка #здоровье #спортдлявсех","Как тело меняется за три месяца.","https://www.youtube.com/watch?v=hhCDR2g1X2o","hhCDR2g1X2o","https://i.ytimg.com/vi/hhCDR2g1X2o/maxres2.jpg?sqp=-oaymwEoCIAKENAF8quKqQMcGADwAQH4AbYIgAKAD4oCDAgAEAEYZSBhKE4wDw==&rs=AOn4CLBHyDBP5FCkEF_pOfIS2o3pfO36PA","0:06","Jun 12, 2025","needs_review","https://www.youtube.com/shorts/hhCDR2g1X2o","shorts","false"
"Как тренировать пресс #качалка #фитнес #тренер #зож #пресс #бодибилдинг #антомия","Как тренировать пресс","https://www.youtube.com/watch?v=6XQrYt6EMKU","6XQrYt6EMKU","https://i.ytimg.com/vi/6XQrYt6EMKU/maxres2.jpg?sqp=-oaymwEoCIAKENAF8quKqQMcGADwAQH4Ac4FgAKACooCDAgAEAEYfyAmKCwwDw==&rs=AOn4CLDfDMQ6Z7MXsOYVAp8SrZThEK_uBg","0:10","Feb 2, 2024","пресс","https://www.youtube.com/shorts/6XQrYt6EMKU","shorts","true"
"Как тренироваться пожилым #фитнес #здоровье #зож #лфк #здоровоепитание","Как тренироваться пожилым","https://www.youtube.com/watch?v=fYjADg8NW64","fYjADg8NW64","https://i.ytimg.com/vi/fYjADg8NW64/maxres2.jpg?sqp=-oaymwEoCIAKENAF8quKqQMcGADwAQH4Ac4FgAKACooCDAgAEAEYZSBeKFQwDw==&rs=AOn4CLBunLlkGakcdfpCtALaHOu2uB7Zng","0:58","Feb 27, 2023","needs_review","https://www.youtube.com/shorts/fYjADg8NW64","shorts","false"
"Как тренироваться, если ты по 10 часов на работе. #офис #тренировкидлязанятых #pushpull #мотивация #","Как тренироваться, если ты по 10 часов на работе.","https://www.youtube.com/watch?v=dcKvMJE_dpw","dcKvMJE_dpw","https://i.ytimg.com/vi/dcKvMJE_dpw/maxres2.jpg?sqp=-oaymwEoCIAKENAF8quKqQMcGADwAQH4AbYIgAKAD4oCDAgAEAEYZSBgKE4wDw==&rs=AOn4CLBtqOzqhGYyfzKGgvIDwrpCsJBXUw","0:05","Jun 19, 2025","needs_review","https://www.youtube.com/shorts/dcKvMJE_dpw","shorts","false"
"Как убрать боли в суставах.#болитспиначтоделать #боливсуставе #лфк #кинезиолог #тренер #тренероноайн","Как убрать боли в суставах.","https://www.youtube.com/watch?v=-3rv0c5zsnk","-3rv0c5zsnk","https://i.ytimg.com/vi/-3rv0c5zsnk/maxres2.jpg?sqp=-oaymwEoCIAKENAF8quKqQMcGADwAQH4Ac4FgAKACooCDAgAEAEYZSBdKE8wDw==&rs=AOn4CLD5yWJ9AdTnKePn0VS9A7MVZ2dGeg","0:44","Mar 13, 2024","needs_review","https://www.youtube.com/shorts/-3rv0c5zsnk","shorts","false"
"Как убрать боль в мышцах","Как убрать боль в мышцах","https://www.youtube.com/watch?v=UOI61UGDNlc","UOI61UGDNlc","https://i.ytimg.com/vi/UOI61UGDNlc/maxres2.jpg?sqp=-oaymwEoCIAKENAF8quKqQMcGADwAQH4Ac4FgAKACooCDAgAEAEYZSBVKEcwDw==&rs=AOn4CLD9-hyGUl5kJwpFc6n7XQYf3SakSQ","0:30","Dec 29, 2023","needs_review","https://www.youtube.com/shorts/UOI61UGDNlc","shorts","false"
"Как убрать выпирающий живот. #похудение #пресс #плоскийживот #тренировки #упражнения #фитнес","Как убрать выпирающий живот.","https://www.youtube.com/watch?v=-EneC9MQFjc","-EneC9MQFjc","https://i.ytimg.com/vi/-EneC9MQFjc/maxres2.jpg?sqp=-oaymwEoCIAKENAF8quKqQMcGADwAQH4AbYIgAKAD4oCDAgAEAEYZSBPKEcwDw==&rs=AOn4CLArMUu2zcew9UuyijVA6ZYPaD96PA","0:35","Sep 1, 2024","needs_review","https://www.youtube.com/shorts/-EneC9MQFjc","shorts","false"
"Как убрать живот #фитнес #какубратьживот #рекомендации #спорт #тренер","Как убрать живот","https://www.youtube.com/watch?v=ejaECWcL2C8","ejaECWcL2C8","https://i.ytimg.com/vi/ejaECWcL2C8/maxres2.jpg?sqp=-oaymwEoCIAKENAF8quKqQMcGADwAQH4Ac4FgAKACooCDAgAEAEYWCBhKGUwDw==&rs=AOn4CLDwMGDb94Ws0_p0hEbFhLbFDuHYDA","0:27","Apr 16, 2024","needs_review","https://www.youtube.com/shorts/ejaECWcL2C8","shorts","false"
"Как убрать низ живота #какпохудеть #похудение #диета #какубратьживот #какубратьбока","Как убрать низ живота","https://www.youtube.com/watch?v=JqkHL4Kqj78","JqkHL4Kqj78","https://i.ytimg.com/vi/JqkHL4Kqj78/maxres2.jpg?sqp=-oaymwEoCIAKENAF8quKqQMcGADwAQH4AbYIgAKAD4oCDAgAEAEYZSBMKEQwDw==&rs=AOn4CLAptZTWWWDnWnF3JbtGqlJoUEfpTg","0:39","May 16, 2024","needs_review","https://www.youtube.com/shorts/JqkHL4Kqj78","shorts","false"
"Какими должны быть тренировки в начале или после долгого перерыва.","Какими должны быть тренировки в начале или после долгого перерыва.","https://www.youtube.com/watch?v=IFvBeUgGqqM","IFvBeUgGqqM","https://i.ytimg.com/vi/IFvBeUgGqqM/maxres2.jpg?sqp=-oaymwEoCIAKENAF8quKqQMcGADwAQH4Ac4FgAKACooCDAgAEAEYYCBgKGAwDw==&rs=AOn4CLBgIKQOms3IAqmteqExV2DCva-9Ew","0:34","Feb 9, 2023","needs_review","https://www.youtube.com/shorts/IFvBeUgGqqM","shorts","false"
"КАКУЮ ВОДУ ПИТЬ #вода #какпитьводу #здоровье #фитнес #похудение #тренер","КАКУЮ ВОДУ ПИТЬ","https://www.youtube.com/watch?v=uaaOehC1f9M","uaaOehC1f9M","https://i.ytimg.com/vi/uaaOehC1f9M/maxres2.jpg?sqp=-oaymwEoCIAKENAF8quKqQMcGADwAQH4AbYIgAKAD4oCDAgAEAEYciBWKD4wDw==&rs=AOn4CLAWopRE1hf0wMJ_cxB4Ft5YJpSS_g","0:21","Jun 12, 2024","needs_review","https://www.youtube.com/shorts/uaaOehC1f9M","shorts","false"
"Кардио или силовые? #КардиоVSСиловые #ЭффективностьПохудения #ФитнесМифы #ТренировкиДляПохудения","Кардио или силовые?","https://www.youtube.com/watch?v=i-I5KW24nuk","i-I5KW24nuk","https://i.ytimg.com/vi/i-I5KW24nuk/maxres2.jpg?sqp=-oaymwEoCIAKENAF8quKqQMcGADwAQH4AbYIgAKAD4oCDAgAEAEYZSBeKEIwDw==&rs=AOn4CLCGR36LzDaZmZVGIBuzzmQjuhJoTg","0:40","Aug 13, 2024","needs_review","https://www.youtube.com/shorts/i-I5KW24nuk","shorts","true"
"КАША ПРОВОЦИРУЕТ РАК #тренер #фитнес #здоровье #кашаназавтрак #завтрак","КАША ПРОВОЦИРУЕТ РАК","https://www.youtube.com/watch?v=qTA4bEUqEgg","qTA4bEUqEgg","https://i.ytimg.com/vi/qTA4bEUqEgg/maxres2.jpg?sqp=-oaymwEoCIAKENAF8quKqQMcGADwAQH4Ac4FgAKACooCDAgAEAEYZSBeKEswDw==&rs=AOn4CLDligdZXSKFKP_oOLUCaTHh76IS4g","0:36","Jun 20, 2024","needs_review","https://www.youtube.com/shorts/qTA4bEUqEgg","shorts","false"
"Кислород для похудения #похудение #тренер #сушка #диета #кислороддляпохудения","Кислород для похудения","https://www.youtube.com/watch?v=y4dRTnK6DPc","y4dRTnK6DPc","https://i.ytimg.com/vi/y4dRTnK6DPc/maxres2.jpg?sqp=-oaymwEoCIAKENAF8quKqQMcGADwAQH4AbYIgAKAD4oCDAgAEAEYEyBMKH8wDw==&rs=AOn4CLCTvbSIC7iz868xcbRsnu7Cfo6-sw","0:25","Apr 4, 2024","needs_review","https://www.youtube.com/shorts/y4dRTnK6DPc","shorts","false"
"Когда привезли новый тренажёр:)#качалка #юмор #тренер #зож #фитнес #здоровье #генетика","Когда привезли новый тренажёр:)","https://www.youtube.com/watch?v=VExKEmq0KV0","VExKEmq0KV0","https://i.ytimg.com/vi/VExKEmq0KV0/maxres2.jpg?sqp=-oaymwEoCIAKENAF8quKqQMcGADwAQH4AbYIgAKAD4oCDAgAEAEYXiBeKF4wDw==&rs=AOn4CLBlrGU0NTv4A5zwRGUw8Q2JJYolTg","0:12","Jan 26, 2024","needs_review","https://www.youtube.com/shorts/VExKEmq0KV0","shorts","false"
"Консенсуса не будет:) #советы #тренировки #техникаупражнений #фитнестренер #тренер #похудение #лфк","Консенсуса не будет:)","https://www.youtube.com/watch?v=bQj5ky3xIn8","bQj5ky3xIn8","https://i.ytimg.com/vi/bQj5ky3xIn8/maxres2.jpg?sqp=-oaymwEoCIAKENAF8quKqQMcGADwAQH4AbYIgAKAD4oCDAgAEAEYZSBdKEYwDw==&rs=AOn4CLA0lV63mvqY1k7MUVzKO74KkXWWew","0:37","Jul 25, 2024","needs_review","https://www.youtube.com/shorts/bQj5ky3xIn8","shorts","false"
"КОФЕ УБИВАЕТ #тренер #фитнес #здоровье #кофе #кофеин","КОФЕ УБИВАЕТ","https://www.youtube.com/watch?v=91h5_pQo7uc","91h5_pQo7uc","https://i.ytimg.com/vi/91h5_pQo7uc/maxres2.jpg?sqp=-oaymwEoCIAKENAF8quKqQMcGADwAQH4AbYIgAKAD4oCDAgAEAEYZSBXKEAwDw==&rs=AOn4CLBB6YyitavN19BFrg8m8VraOwqfPg","0:24","Jun 24, 2024","needs_review","https://www.youtube.com/shorts/91h5_pQo7uc","shorts","false"
"Лайк за котика:) #юмор #фитнес #пресс #тренер #кот","Лайк за котика:)","https://www.youtube.com/watch?v=lBtoJHU5N4Y","lBtoJHU5N4Y","https://i.ytimg.com/vi/lBtoJHU5N4Y/maxres2.jpg?sqp=-oaymwEoCIAKENAF8quKqQMcGADwAQH4AbYIgAKAD4oCDAgAEAEYciBXKDowDw==&rs=AOn4CLAeHDcysR5EynH-oTJCsQwk6wapdA","0:10","Apr 29, 2024","needs_review","https://www.youtube.com/shorts/lBtoJHU5N4Y","shorts","false"
"лайк, если жиза #тренер #осанка #похудение #эстетика #счегоначать","лайк, если жиза","https://www.youtube.com/watch?v=drsPS-2yB2k","drsPS-2yB2k","https://i.ytimg.com/vi/drsPS-2yB2k/maxres2.jpg?sqp=-oaymwEoCIAKENAF8quKqQMcGADwAQH4Ac4FgAKACooCDAgAEAEYZSBPKE0wDw==&rs=AOn4CLAFKCy7wTAjtVa_Fx_SpMeepVMk6g","0:14","Apr 18, 2024","needs_review","https://www.youtube.com/shorts/drsPS-2yB2k","shorts","false"
"Лайк, если тоже любишь покушать #тренер #фитнес #похудение #зож в первом комментарии готовый рацион","Лайк, если тоже любишь покушать","https://www.youtube.com/watch?v=jWvRg9yUPRo","jWvRg9yUPRo","https://i.ytimg.com/vi/jWvRg9yUPRo/maxres2.jpg?sqp=-oaymwEoCIAKENAF8quKqQMcGADwAQH4AbYIgAKAD4oCDAgAEAEYTiBlKGIwDw==&rs=AOn4CLA6G7aAVGCfWrU753IN57AN-ocSMQ","0:08","Feb 27, 2024","needs_review","https://www.youtube.com/shorts/jWvRg9yUPRo","shorts","false"
"лёгкий перекус #юмор #зож #фитнес #диета #перекус","лёгкий перекус","https://www.youtube.com/watch?v=-d_9sJ1fJEc","-d_9sJ1fJEc","https://i.ytimg.com/vi/-d_9sJ1fJEc/maxres2.jpg?sqp=-oaymwEoCIAKENAF8quKqQMcGADwAQH4AbYIgAKAD4oCDAgAEAEYZSBNKEYwDw==&rs=AOn4CLBci0g79FziiGl3AehrkKtNAiLPcg","0:12","Mar 28, 2024","needs_review","https://www.youtube.com/shorts/-d_9sJ1fJEc","shorts","false"
"лето близко! качайтесь глупцы! #фитнес #мотивация","лето близко! качайтесь глупцы!","https://www.youtube.com/watch?v=N2aFCI63Sis","N2aFCI63Sis","https://i.ytimg.com/vi/N2aFCI63Sis/maxres2.jpg?sqp=-oaymwEoCIAKENAF8quKqQMcGADwAQH4Ac4FgAKACooCDAgAEAEYciA4KDYwDw==&rs=AOn4CLB3HjxJPoelw3CrrQQw972BvZsEog","0:32","Mar 16, 2023","needs_review","https://www.youtube.com/shorts/N2aFCI63Sis","shorts","false"
"ловите лайфхак #юмор #спорт #фитнес #тренер #похудение","ловите лайфхак","https://www.youtube.com/watch?v=R7qajvE-LVM","R7qajvE-LVM","https://i.ytimg.com/vi/R7qajvE-LVM/maxres2.jpg?sqp=-oaymwEoCIAKENAF8quKqQMcGADwAQH4AbYIgAKAD4oCDAgAEAEYZSBOKDowDw==&rs=AOn4CLBazv21awZwHSSkqMQ_awcqcWNXYg","0:19","Apr 12, 2024","needs_review","https://www.youtube.com/shorts/R7qajvE-LVM","shorts","false"
"лучше пока не придумали #тренер #фитнес #здоровье #молодость #старение","лучше пока не придумали","https://www.youtube.com/watch?v=KHz3D2dUGg4","KHz3D2dUGg4","https://i.ytimg.com/vi/KHz3D2dUGg4/maxres2.jpg?sqp=-oaymwEoCIAKENAF8quKqQMcGADwAQH4AbYIgAKAD4oCDAgAEAEYZSBbKEYwDw==&rs=AOn4CLBiH8Vp9Uahnp3cfMHNl09ZxkgWsg","0:24","Jun 25, 2024","needs_review","https://www.youtube.com/shorts/KHz3D2dUGg4","shorts","false"
"ЛУЧШЕЕ УПРАЖНЕНИЕ НАБИЦЕПС #бицепс #брахиалис #фитнес #тренер #упражнения","ЛУЧШЕЕ УПРАЖНЕНИЕ НАБИЦЕПС","https://www.youtube.com/watch?v=hkrDRb-62YM","hkrDRb-62YM","https://i.ytimg.com/vi/hkrDRb-62YM/maxres2.jpg?sqp=-oaymwEoCIAKENAF8quKqQMcGADwAQH4AbYIgAKAD4oCDAgAEAEYciBfKEQwDw==&rs=AOn4CLAcaVErlUlmLiJTQvCZBkfI5q9NnA","1:00","Sep 2, 2024","бицепс","https://www.youtube.com/shorts/hkrDRb-62YM","shorts","true"
"Лучшие упражнения для больших грудных #тренер #фитнес #зож #качалка #бодибилдинг #здоровье #генетика","Лучшие упражнения для больших грудных","https://www.youtube.com/watch?v=MNFtx3IA74A","MNFtx3IA74A","https://i.ytimg.com/vi/MNFtx3IA74A/maxres2.jpg?sqp=-oaymwEoCIAKENAF8quKqQMcGADwAQH4Ac4FgAKACooCDAgAEAEYciBDKD4wDw==&rs=AOn4CLACVKm63V-h7XocUa_m8EflkdWyfA","0:40","Feb 21, 2024","грудь","https://www.youtube.com/shorts/MNFtx3IA74A","shorts","true"
"Лучший фитнес завтрак #завтрак #диета #энергия #здоровье #спорт","Лучший фитнес завтрак","https://www.youtube.com/watch?v=lWeswjhtmo8","lWeswjhtmo8","https://i.ytimg.com/vi/lWeswjhtmo8/maxres2.jpg?sqp=-oaymwEoCIAKENAF8quKqQMcGADwAQH4AbYIgAKAD4oCDAgAEAEYZSBOKD4wDw==&rs=AOn4CLDLJeisF0lj3wNmw1845TyTkWSIRQ","0:26","Jul 29, 2024","needs_review","https://www.youtube.com/shorts/lWeswjhtmo8","shorts","false"
"Мало энергии?#энергия #ферритин #железо #здоровье #гдевзятьэнергию #витамины #недосып","Мало энергии?","https://www.youtube.com/watch?v=sE60oV1fHxY","sE60oV1fHxY","https://i.ytimg.com/vi/sE60oV1fHxY/maxres2.jpg?sqp=-oaymwEoCIAKENAF8quKqQMcGADwAQH4AbYIgAKAD4oCDAgAEAEYUSBcKGUwDw==&rs=AOn4CLBFbZrNBI-jp_deFp2I9A0vhUEv3A","0:31","May 17, 2024","needs_review","https://www.youtube.com/shorts/sE60oV1fHxY","shorts","false"
"махи ""дирижёр"" #здоровье #упражнения #плечи","махи ""дирижёр""","https://www.youtube.com/watch?v=9mvGeB2j8EE","9mvGeB2j8EE","https://i.ytimg.com/vi/9mvGeB2j8EE/maxres2.jpg?sqp=-oaymwEoCIAKENAF8quKqQMcGADwAQH4Ac4FgAKACooCDAgAEAEYZSBlKGUwDw==&rs=AOn4CLDSZnA3xWBESBM4KgSwq5P1ytfUlw","0:30","Apr 9, 2023","плечи","https://www.youtube.com/shorts/9mvGeB2j8EE","shorts","true"
"мельница на плечевой сустав #здоровье #фитнес #зож #мотивация","мельница на плечевой сустав","https://www.youtube.com/watch?v=z10BeuTN1mc","z10BeuTN1mc","https://i.ytimg.com/vi/z10BeuTN1mc/maxres2.jpg?sqp=-oaymwEoCIAKENAF8quKqQMcGADwAQH4Ac4FgAKACooCDAgAEAEYaiBqKGowDw==&rs=AOn4CLD9lE1k3vILbQKmSa_vAiYNIIS1Hw","0:43","Apr 14, 2023","плечи","https://www.youtube.com/shorts/z10BeuTN1mc","shorts","false"
"Мозг больше не вывозит #ЦНС #мозг #добавки #БАДы #Омега3 #кордицепс #адаптогены #5htp #холин","Мозг больше не вывозит","https://www.youtube.com/watch?v=duaFvkPuPtU","duaFvkPuPtU","https://i.ytimg.com/vi/duaFvkPuPtU/maxres2.jpg?sqp=-oaymwEoCIAKENAF8quKqQMcGADwAQH4AbYIgAKAD4oCDAgAEAEYZSBiKEswDw==&rs=AOn4CLAYYZYHSnXXSxcMpZZYNUgRWarC6A","0:15","Jun 3, 2024","needs_review","https://www.youtube.com/shorts/duaFvkPuPtU","shorts","false"
"Молотковые сгибания на бицепс в кроссовере с канатной рукояткой #упражнения #бицепс","Молотковые сгибания на бицепс в кроссовере с канатной рукояткой","https://www.youtube.com/watch?v=1vpi4r-P6qo","1vpi4r-P6qo","https://i.ytimg.com/vi/1vpi4r-P6qo/maxres2.jpg?sqp=-oaymwEoCIAKENAF8quKqQMcGADwAQH4Ac4FgAKACooCDAgAEAEYZSBaKE8wDw==&rs=AOn4CLBvgDcszy3tIiDL5XpzBjjWGJNcJA","0:57","Nov 14, 2024","бицепс","https://www.youtube.com/shorts/1vpi4r-P6qo","shorts","true"
"Моя трансформация","Моя трансформация","https://www.youtube.com/watch?v=i59Qa6ZGlmE","i59Qa6ZGlmE","https://i.ytimg.com/vi/i59Qa6ZGlmE/maxres2.jpg?sqp=-oaymwEoCIAKENAF8quKqQMcGADwAQH4AbYIgAKAD4oCDAgAEAEYZSBaKEgwDw==&rs=AOn4CLA4JEquoaAzCppzJe0OeXpk4QOspw","0:34","Dec 27, 2023","needs_review","https://www.youtube.com/shorts/i59Qa6ZGlmE","shorts","false"
"Мы все слишком разные","Мы все слишком разные","https://www.youtube.com/watch?v=XjET53AEJUU","XjET53AEJUU","https://i.ytimg.com/vi/XjET53AEJUU/maxres2.jpg?sqp=-oaymwEoCIAKENAF8quKqQMcGADwAQH4Ac4FgAKACooCDAgAEAEYZSBlKGUwDw==&rs=AOn4CLDu_5Q_syL5MxvrhyCEFwAiY1HkdQ","0:29","Jan 22, 2024","needs_review","https://www.youtube.com/shorts/XjET53AEJUU","shorts","false"
"Мы не симметричны #зож #рекомендации #тренировки #советыоттренера","Мы не симметричны","https://www.youtube.com/watch?v=0Smb2ymnK1E","0Smb2ymnK1E","https://i.ytimg.com/vi/0Smb2ymnK1E/maxres2.jpg?sqp=-oaymwEoCIAKENAF8quKqQMcGADwAQH4AbYIgAKAD4oCDAgAEAEYZSBaKE0wDw==&rs=AOn4CLBniVTlgBZBNapzaiaFiEFFsqAdTQ","0:23","May 2, 2024","needs_review","https://www.youtube.com/shorts/0Smb2ymnK1E","shorts","false"
"Напиши в инсте ""меню"" в личку, вышлю готовый рацион #похудение #веснеснижается  #диетадляпохудения","Напиши в инсте ""меню"" в личку, вышлю готовый рацион","https://www.youtube.com/watch?v=3jQjL-o1ff0","3jQjL-o1ff0","https://i.ytimg.com/vi/3jQjL-o1ff0/maxres2.jpg?sqp=-oaymwEoCIAKENAF8quKqQMcGADwAQH4AbYIgAKAD4oCDAgAEAEYZSBjKD4wDw==&rs=AOn4CLAsN1HjqgLaqrSpcDGJqTlKjXTnGg","0:26","May 22, 2024","needs_review","https://www.youtube.com/shorts/3jQjL-o1ff0","shorts","false"
"Не баян а классика! #юмор #присед #тренировка #деньног #тренер #бодибилдинг #фитнес #пауэрлифтинг","Не баян а классика!","https://www.youtube.com/watch?v=Zh8Yz298EzM","Zh8Yz298EzM","https://i.ytimg.com/vi/Zh8Yz298EzM/maxres2.jpg?sqp=-oaymwEoCIAKENAF8quKqQMcGADwAQH4AbYIgAKAD4oCDAgAEAEYZSBhKFswDw==&rs=AOn4CLBs6PFf60iy5UR3jjO8b4GyBmW7Eg","0:09","Apr 8, 2024","needs_review","https://www.youtube.com/shorts/Zh8Yz298EzM","shorts","false"
"не болейте:)","не болейте:)","https://www.youtube.com/watch?v=-SFCCWp_Z7I","-SFCCWp_Z7I","https://i.ytimg.com/vi/-SFCCWp_Z7I/maxres2.jpg?sqp=-oaymwEoCIAKENAF8quKqQMcGADwAQH4AbYIgAKAD4oCDAgAEAEYciA0KFowDw==&rs=AOn4CLAETLLOuLiMu3JslaNEYiiJFXv49A","0:22","Jun 27, 2024","needs_review","https://www.youtube.com/shorts/-SFCCWp_Z7I","shorts","false"
"Не все программы одинаково полезны. #fitness #motivation","Не все программы одинаково полезны.","https://www.youtube.com/watch?v=Nk39h3PoocU","Nk39h3PoocU","https://i.ytimg.com/vi/Nk39h3PoocU/maxres2.jpg?sqp=-oaymwEoCIAKENAF8quKqQMcGADwAQH4Ac4FgAKACooCDAgAEAEYZSBbKFAwDw==&rs=AOn4CLCi2bCzPjGosJMN23tP3dpSaDXhMw","0:14","Mar 28, 2023","needs_review","https://www.youtube.com/shorts/Nk39h3PoocU","shorts","false"
"не говорите мне, что нет возможности вкусно и полезно есть #зож #здоровоепитание","не говорите мне, что нет возможности вкусно и полезно есть","https://www.youtube.com/watch?v=aAHhP8aohYw","aAHhP8aohYw","https://i.ytimg.com/vi/aAHhP8aohYw/maxres2.jpg?sqp=-oaymwEoCIAKENAF8quKqQMcGADwAQH4Ac4FgAKACooCDAgAEAEYZSBXKEMwDw==&rs=AOn4CLALAM0jwOztwhI40eVP0EupxxqMlg","0:42","Mar 17, 2023","needs_review","https://www.youtube.com/shorts/aAHhP8aohYw","shorts","false"
"Не жми сотку, я сделал это за тебя:)","Не жми сотку, я сделал это за тебя:)","https://www.youtube.com/watch?v=dUAKuaSSfQU","dUAKuaSSfQU","https://i.ytimg.com/vi/dUAKuaSSfQU/maxres2.jpg?sqp=-oaymwEoCIAKENAF8quKqQMcGADwAQH4Ac4FgAKACooCDAgAEAEYZSBZKE0wDw==&rs=AOn4CLDAO-ydXybcJsmVa_LwastkbcpJPA","0:45","Feb 14, 2023","needs_review","https://www.youtube.com/shorts/dUAKuaSSfQU","shorts","false"
"не знаешь с чего начать тренировки? #тренер #фитнес #зож #мотивация #мотивациюнадоподнять","не знаешь с чего начать тренировки?","https://www.youtube.com/watch?v=ZAYgAM3RsAo","ZAYgAM3RsAo","https://i.ytimg.com/vi/ZAYgAM3RsAo/maxres2.jpg?sqp=-oaymwEoCIAKENAF8quKqQMcGADwAQH4AbYIgAKAD4oCDAgAEAEYZSBfKEYwDw==&rs=AOn4CLBuK10sKNaY3x4L5QZsxC8XZb164w","0:22","Jun 10, 2024","needs_review","https://www.youtube.com/shorts/ZAYgAM3RsAo","shorts","false"
"Не растёт жопка? #тренер #ягодицы #жопа #тренировки #спорт","Не растёт жопка?","https://www.youtube.com/watch?v=UCDpAHc9cEc","UCDpAHc9cEc","https://i.ytimg.com/vi/UCDpAHc9cEc/maxres2.jpg?sqp=-oaymwEoCIAKENAF8quKqQMcGADwAQH4AbYIgAKAD4oCDAgAEAEYQCBSKGUwDw==&rs=AOn4CLAoDDFWf4o57S1rW9FbcY5qFI16Nw","0:12","May 26, 2024","needs_review","https://www.youtube.com/shorts/UCDpAHc9cEc","shorts","false"
"Не справедливо! #тренер #фитнес #диета #похудение #скинутьвес","Не справедливо!","https://www.youtube.com/watch?v=e8xtZA7BdHk","e8xtZA7BdHk","https://i.ytimg.com/vi/e8xtZA7BdHk/maxres2.jpg?sqp=-oaymwEoCIAKENAF8quKqQMcGADwAQH4Ac4FgAKACooCDAgAEAEYQyBaKHIwDw==&rs=AOn4CLCcAWFLcQHf2rGakaNVCnCfmF50Vg","0:15","May 23, 2024","needs_review","https://www.youtube.com/shorts/e8xtZA7BdHk","shorts","false"
"Некоторые добавки могут быть опасны.#ВитаминD #Здоровье #Кальций #Питание #фитнестренер #нутрициолог","Некоторые добавки могут быть опасны.","https://www.youtube.com/watch?v=vIDmaAlQIXw","vIDmaAlQIXw","https://i.ytimg.com/vi/vIDmaAlQIXw/maxres2.jpg?sqp=-oaymwEoCIAKENAF8quKqQMcGADwAQH4AbYIgAKAD4oCDAgAEAEYZSBiKE4wDw==&rs=AOn4CLDYeMBA4zf_9ka0dDNH0fIPE5LCYA","0:33","Jun 5, 2024","needs_review","https://www.youtube.com/shorts/vIDmaAlQIXw","shorts","false"
"Нельзя исключать жиры! #диетпитание #сушка #здоровье #тренер #фитнес","Нельзя исключать жиры!","https://www.youtube.com/watch?v=Z7F6ucvaO1I","Z7F6ucvaO1I","https://i.ytimg.com/vi/Z7F6ucvaO1I/maxres2.jpg?sqp=-oaymwEoCIAKENAF8quKqQMcGADwAQH4AbYIgAKAD4oCDAgAEAEYZSBOKEowDw==&rs=AOn4CLCTEeEbuwqzgWtTk-VnT6PdVvk9Nw","0:31","Apr 10, 2024","needs_review","https://www.youtube.com/shorts/Z7F6ucvaO1I","shorts","false"
"Нельзя похудеть только в одном месте.","Нельзя похудеть только в одном месте.","https://www.youtube.com/watch?v=N9SA4c6oSXk","N9SA4c6oSXk","https://i.ytimg.com/vi/N9SA4c6oSXk/maxres2.jpg?sqp=-oaymwEoCIAKENAF8quKqQMcGADwAQH4AbYIgAKAD4oCDAgAEAEYZSBXKEowDw==&rs=AOn4CLBoxHJ1kqzIPfxwLWy1Ap67omSKcw","0:30","Jan 5, 2024","needs_review","https://www.youtube.com/shorts/N9SA4c6oSXk","shorts","false"
"Нет времени, а тренироваться надо? #2вНеделю #pushpull #суперкомпенсация #тренируйся #tagirfruit","Нет времени, а тренироваться надо?","https://www.youtube.com/watch?v=_BpngK4D4Ok","_BpngK4D4Ok","https://i.ytimg.com/vi/_BpngK4D4Ok/maxres2.jpg?sqp=-oaymwEoCIAKENAF8quKqQMcGADwAQH4AbYIgAKAD4oCDAgAEAEYciBVKD0wDw==&rs=AOn4CLDGM-7V4lYvY5wdnqmQDMdPzeCkUg","0:05","Jun 16, 2025","needs_review","https://www.youtube.com/shorts/_BpngK4D4Ok","shorts","false"
"Нет, ты не жирный(ая)","Нет, ты не жирный(ая)","https://www.youtube.com/watch?v=5heSmG_nJa4","5heSmG_nJa4","https://i.ytimg.com/vi/5heSmG_nJa4/maxres2.jpg?sqp=-oaymwEoCIAKENAF8quKqQMcGADwAQH4AbYIgAKAD4oCDAgAEAEYZSBeKE8wDw==&rs=AOn4CLAd6UabWzdkdsYFiTwhP_muSNh9wA","0:06","Jun 10, 2025","needs_review","https://www.youtube.com/shorts/5heSmG_nJa4","shorts","false"
"Нутри-генетика, это диетология будущего. #похудение #генетика #фитнес  #бодибилдинг #нутрициолог","Нутри-генетика, это диетология будущего.","https://www.youtube.com/watch?v=p8vbxjJRfs4","p8vbxjJRfs4","https://i.ytimg.com/vi/p8vbxjJRfs4/maxres2.jpg?sqp=-oaymwEoCIAKENAF8quKqQMcGADwAQH4AbYIgAKAD4oCDAgAEAEYZSBPKDwwDw==&rs=AOn4CLC-EXVfOBlNlS__S6uFax1BhgzGTg","0:17","Jul 30, 2024","needs_review","https://www.youtube.com/shorts/p8vbxjJRfs4","shorts","false"
"нутрициолог вещает #спортивноепитание #витамины #BCAA #омега3 #здоровье","нутрициолог вещает","https://www.youtube.com/watch?v=WXtIONZO8ZM","WXtIONZO8ZM","https://i.ytimg.com/vi/WXtIONZO8ZM/maxres2.jpg?sqp=-oaymwEoCIAKENAF8quKqQMcGADwAQH4AbYIgAKAD4oCDAgAEAEYciBeKEQwDw==&rs=AOn4CLBLaVOVouCqO53IFc4aXggWlgmgkw","0:19","Aug 4, 2024","needs_review","https://www.youtube.com/shorts/WXtIONZO8ZM","shorts","false"
"О таком тебе ни один тренер не расскажет #диета #похудение #сушка #снижениевеса #скинутьвес","О таком тебе ни один тренер не расскажет","https://www.youtube.com/watch?v=QwOlCSHSVr0","QwOlCSHSVr0","https://i.ytimg.com/vi/QwOlCSHSVr0/maxres2.jpg?sqp=-oaymwEoCIAKENAF8quKqQMcGADwAQH4AbYIgAKAD4oCDAgAEAEYZSBaKDgwDw==&rs=AOn4CLB9ksP7Nt471J04WTEGqe4Oq7bNWA","0:28","May 20, 2024","needs_review","https://www.youtube.com/shorts/QwOlCSHSVr0","shorts","false"
"Обман мозга #питание #нутрицология","Обман мозга","https://www.youtube.com/watch?v=op6H174M9TI","op6H174M9TI","https://i.ytimg.com/vi/op6H174M9TI/maxres2.jpg?sqp=-oaymwEoCIAKENAF8quKqQMcGADwAQH4Ac4FgAKACooCDAgAEAEYRiBVKHIwDw==&rs=AOn4CLAClt9SuMBiegik4g1LaPkLiWRcbg","0:10","Mar 12, 2023","needs_review","https://www.youtube.com/shorts/op6H174M9TI","shorts","false"
"обожаю пирожков #тренер #юмор #фитнес #пратеин","обожаю пирожков","https://www.youtube.com/watch?v=TRyowIOtEbQ","TRyowIOtEbQ","https://i.ytimg.com/vi/TRyowIOtEbQ/maxres2.jpg?sqp=-oaymwEoCIAKENAF8quKqQMcGADwAQH4Ac4FgAKACooCDAgAEAEYYiBlKEwwDw==&rs=AOn4CLDleK2vGA77KLoZiYVyEGURmQEfLA","0:09","Apr 26, 2024","needs_review","https://www.youtube.com/shorts/TRyowIOtEbQ","shorts","false"
"обожаю:) #юмор #фитнес #тренер #похудение #тренеронлайн #кот #котики","обожаю:)","https://www.youtube.com/watch?v=p7eIvKB3EUU","p7eIvKB3EUU","https://i.ytimg.com/vi/p7eIvKB3EUU/maxres2.jpg?sqp=-oaymwEoCIAKENAF8quKqQMcGADwAQH4AbYIgAKAD4oCDAgAEAEYciBIKC0wDw==&rs=AOn4CLBB8i4ICD-aYWdjQqFQAPWqKu_7-A","0:07","Feb 7, 2024","needs_review","https://www.youtube.com/shorts/p7eIvKB3EUU","shorts","false"
"Омега-3, кому, зачем и сколько?","Омега-3, кому, зачем и сколько?","https://www.youtube.com/watch?v=VVjdLn_kKBs","VVjdLn_kKBs","https://i.ytimg.com/vi/VVjdLn_kKBs/maxres2.jpg?sqp=-oaymwEoCIAKENAF8quKqQMcGADwAQH4Ac4FgAKACooCDAgAEAEYZSBfKFYwDw==&rs=AOn4CLDa-Ud3fL8sr-1bY_XPSqg9RX5HIw","0:54","Feb 24, 2023","needs_review","https://www.youtube.com/shorts/VVjdLn_kKBs","shorts","false"
"Он был в очках! #фитнес #тренер #здоровье #юмор #зож","Он был в очках!","https://www.youtube.com/watch?v=FBfEZXp8Yaw","FBfEZXp8Yaw","https://i.ytimg.com/vi/FBfEZXp8Yaw/maxres2.jpg?sqp=-oaymwEoCIAKENAF8quKqQMcGADwAQH4Ac4FgAKACooCDAgAEAEYZSBQKD4wDw==&rs=AOn4CLDtkH0IiNIoSE2FVrz0Koxw53YOhQ","0:12","Mar 8, 2024","needs_review","https://www.youtube.com/shorts/FBfEZXp8Yaw","shorts","false"
"Онлайн тренировкв","Онлайн тренировкв","https://www.youtube.com/watch?v=istBM7a_5Rs","istBM7a_5Rs","https://i.ytimg.com/vi/istBM7a_5Rs/maxres2.jpg?sqp=-oaymwEoCIAKENAF8quKqQMcGADwAQH4AbYIgAKAD4oCDAgAEAEYZSBRKEMwDw==&rs=AOn4CLBqcyxcH4nbr8kt25mCB88CKN5rlw","0:18","Dec 25, 2023","needs_review","https://www.youtube.com/shorts/istBM7a_5Rs","shorts","false"
"Ореховое упражнение. #среднияягодицы #ТБС #баланс #фитнесдома #tagirfruit","Ореховое упражнение.","https://www.youtube.com/watch?v=RIv_WSZJrzU","RIv_WSZJrzU","https://i.ytimg.com/vi/RIv_WSZJrzU/maxresdefault.jpg?sqp=-oaymwEmCIAKENAF8quKqQMa8AEB-AG2CIACgA-KAgwIABABGGUgWyhNMA8=&rs=AOn4CLCQbd-IBDDl7_5YsoH5Aqx2IAFUaw","1:56","Jun 17, 2025","needs_review","https://www.youtube.com/shorts/RIv_WSZJrzU","shorts","false"
"от боли в коленях #фитнес #здоровье #зож #мотивация","от боли в коленях","https://www.youtube.com/watch?v=laRWRZhbVJo","laRWRZhbVJo","https://i.ytimg.com/vi/laRWRZhbVJo/maxres2.jpg?sqp=-oaymwEoCIAKENAF8quKqQMcGADwAQH4Ac4FgAKACooCDAgAEAEYVyBiKGUwDw==&rs=AOn4CLCi1IAb8Zl85trVQ2bdsoMQ27AYng","0:54","Apr 21, 2023","needs_review","https://www.youtube.com/shorts/laRWRZhbVJo","shorts","false"
"Отправь своему тренеру:) #фитнес #качалка #тренер #зож #бодибилдинг #юмор #здоровье","Отправь своему тренеру:)","https://www.youtube.com/watch?v=WdPYgp8KMuw","WdPYgp8KMuw","https://i.ytimg.com/vi/WdPYgp8KMuw/maxres2.jpg?sqp=-oaymwEoCIAKENAF8quKqQMcGADwAQH4Ac4FgAKACooCDAgAEAEYZSBeKFUwDw==&rs=AOn4CLDEDabAb30TqcBL76Ete37VthnWIg","0:15","Feb 23, 2024","needs_review","https://www.youtube.com/shorts/WdPYgp8KMuw","shorts","false"
"Очень скучаю... #мартиколбасярти #собаки #собакиулыбаки","Очень скучаю...","https://www.youtube.com/watch?v=iZpNcw-r9jA","iZpNcw-r9jA","https://i.ytimg.com/vi/iZpNcw-r9jA/maxresdefault.jpg?sqp=-oaymwEoCIAKENAF8quKqQMcGADwAQH4AbYIgAKAD4oCDAgAEAEYZCBlKDgwDw==&rs=AOn4CLDY-ZABZJwRZaIKBzZSQKaJ86XocA","0:11","Apr 2, 2024","needs_review","https://www.youtube.com/shorts/iZpNcw-r9jA","shorts","false"
"Первая неделя тренировок, что делать? #начни #перваянеделя #фитнесдома #безопасныйстарт #tagirfruit","Первая неделя тренировок, что делать?","https://www.youtube.com/watch?v=q3y7xbDFoMs","q3y7xbDFoMs","https://i.ytimg.com/vi/q3y7xbDFoMs/maxres2.jpg?sqp=-oaymwEoCIAKENAF8quKqQMcGADwAQH4AbYIgAKAD4oCDAgAEAEYZSBgKFIwDw==&rs=AOn4CLBco7_AIXiApX1sDagpx3-cFknj2A","0:07","Jun 14, 2025","needs_review","https://www.youtube.com/shorts/q3y7xbDFoMs","shorts","false"
"Перестал идти прогресс в занятиях, почему? #фитнес #здоровье #здоровоепитание #лфк","Перестал идти прогресс в занятиях, почему?","https://www.youtube.com/watch?v=yzovyyziMlE","yzovyyziMlE","https://i.ytimg.com/vi/yzovyyziMlE/maxres2.jpg?sqp=-oaymwEoCIAKENAF8quKqQMcGADwAQH4Ac4FgAKACooCDAgAEAEYciBLKEYwDw==&rs=AOn4CLCPC9zJKJyOlbddGR8IZmoU2xMX3A","0:15","Mar 9, 2023","needs_review","https://www.youtube.com/shorts/yzovyyziMlE","shorts","false"
"Питание для суставов и костей. Гайд в описании. #здоровье #зож #мотивация","Питание для суставов и костей. Гайд в описании.","https://www.youtube.com/watch?v=C3i0gwrSUrE","C3i0gwrSUrE","https://i.ytimg.com/vi/C3i0gwrSUrE/maxres2.jpg?sqp=-oaymwEoCIAKENAF8quKqQMcGADwAQH4Ac4FgAKACooCDAgAEAEYZSBhKFcwDw==&rs=AOn4CLAJtEe3SlwUMj-3mdlL6O7uNZC4BQ","0:22","Apr 10, 2023","needs_review","https://www.youtube.com/shorts/C3i0gwrSUrE","shorts","false"
"питание толстяка #здоровье #фитнес  🎁 по ссылке в описании","питание толстяка","https://www.youtube.com/watch?v=Vetwmz_qBx0","Vetwmz_qBx0","https://i.ytimg.com/vi/Vetwmz_qBx0/maxres2.jpg?sqp=-oaymwEoCIAKENAF8quKqQMcGADwAQH4Ac4FgAKACooCDAgAEAEYZSBgKFYwDw==&rs=AOn4CLD-2m1PS5SdfBgxyxEj935mrNXkMg","0:15","Mar 19, 2023","needs_review","https://www.youtube.com/shorts/Vetwmz_qBx0","shorts","false"
"Пиши в комментариях своё мнение:)#девушка #перекачалась #качалка  #фитнес #похудение #тренировки","Пиши в комментариях своё мнение:)","https://www.youtube.com/watch?v=Mv0sZoBKFFw","Mv0sZoBKFFw","https://i.ytimg.com/vi/Mv0sZoBKFFw/maxres2.jpg?sqp=-oaymwEoCIAKENAF8quKqQMcGADwAQH4AbYIgAKAD4oCDAgAEAEYZSBZKEEwDw==&rs=AOn4CLCAJ2QLwRBEBvcGWsyxa3UFqE16-A","0:28","Aug 11, 2024","needs_review","https://www.youtube.com/shorts/Mv0sZoBKFFw","shorts","false"
"Пиши в комментариях, как тебе упражнение?#упражнения #ягодицы #фитнес #тренер #техникаупражнений","Пиши в комментариях, как тебе упражнение?","https://www.youtube.com/watch?v=Knhsf3iAsno","Knhsf3iAsno","https://i.ytimg.com/vi/Knhsf3iAsno/maxres2.jpg?sqp=-oaymwEoCIAKENAF8quKqQMcGADwAQH4AbYIgAKAD4oCDAgAEAEYciBQKDcwDw==&rs=AOn4CLACT5Bhx3paTPNSxy2gQI9WlTC1HQ","0:45","Sep 9, 2024","needs_review","https://www.youtube.com/shorts/Knhsf3iAsno","shorts","false"
"Пиши, что ты ела на ужин:) #тренер #похудение #онлайнтренер #фитнес #юмор #мороженное #диета","Пиши, что ты ела на ужин:)","https://www.youtube.com/watch?v=5FkhLZnyG7A","5FkhLZnyG7A","https://i.ytimg.com/vi/5FkhLZnyG7A/maxres2.jpg?sqp=-oaymwEoCIAKENAF8quKqQMcGADwAQH4Ac4FgAKACooCDAgAEAEYRSBbKGUwDw==&rs=AOn4CLAKS4EEgopOumKZVazRADGTWilSWw","0:09","Feb 19, 2024","needs_review","https://www.youtube.com/shorts/5FkhLZnyG7A","shorts","false"
"Пищевой центр мозга","Пищевой центр мозга","https://www.youtube.com/watch?v=c-aKXA9P1Cc","c-aKXA9P1Cc","https://i.ytimg.com/vi/c-aKXA9P1Cc/maxres2.jpg?sqp=-oaymwEoCIAKENAF8quKqQMcGADwAQH4AbYIgAKAD4oCDAgAEAEYZSBUKE8wDw==&rs=AOn4CLAwKOK5Fbnd3a8h2Ak6Lw1PD2jItQ","0:45","Nov 9, 2024","needs_review","https://www.youtube.com/shorts/c-aKXA9P1Cc","shorts","false"
"Поверьте! Работает! #фитнес #зож #тренер #юмор #пицца #блинчики #шоколад","Поверьте! Работает!","https://www.youtube.com/watch?v=s_2iXGtU2zQ","s_2iXGtU2zQ","https://i.ytimg.com/vi/s_2iXGtU2zQ/maxres2.jpg?sqp=-oaymwEoCIAKENAF8quKqQMcGADwAQH4Ac4FgAKACooCDAgAEAEYZSBeKFMwDw==&rs=AOn4CLDSJCeUXaIt-RhhWHUPun4hZ-F4tA","0:09","Feb 28, 2024","needs_review","https://www.youtube.com/shorts/s_2iXGtU2zQ","shorts","false"
"Подпишись #кардио #фитнес #выносливость #похудение #тренер","Подпишись","https://www.youtube.com/watch?v=uoGFz_Nrf7I","uoGFz_Nrf7I","https://i.ytimg.com/vi/uoGFz_Nrf7I/maxres2.jpg?sqp=-oaymwEoCIAKENAF8quKqQMcGADwAQH4AbYIgAKAD4oCDAgAEAEYciBbKD0wDw==&rs=AOn4CLCZEBa2PbHSCLvLSGpzPhY0ecZGGA","0:26","Aug 20, 2024","needs_review","https://www.youtube.com/shorts/uoGFz_Nrf7I","shorts","false"
"Подъём на бицепс широким хватом","Подъём на бицепс широким хватом","https://www.youtube.com/watch?v=KTnHC38gNmA","KTnHC38gNmA","https://i.ytimg.com/vi/KTnHC38gNmA/maxres2.jpg?sqp=-oaymwEoCIAKENAF8quKqQMcGADwAQH4Ac4FgAKACooCDAgAEAEYZSBbKE8wDw==&rs=AOn4CLBhCpC75siaNocqxB_aneklXc7lKA","0:55","Nov 6, 2024","бицепс","https://www.youtube.com/shorts/KTnHC38gNmA","shorts","true"
"Полное видео на канале","Полное видео на канале","https://www.youtube.com/watch?v=lhlzQVXLAh0","lhlzQVXLAh0","https://i.ytimg.com/vi/lhlzQVXLAh0/maxres2.jpg?sqp=-oaymwEoCIAKENAF8quKqQMcGADwAQH4AbYIgAKAD4oCDAgAEAEYZSBlKFkwDw==&rs=AOn4CLC5DaN8q426wKpQbgOY16c3nSe9eQ","1:00","Dec 3, 2024","needs_review","https://www.youtube.com/shorts/lhlzQVXLAh0","shorts","false"
"Полное видео на канале","Полное видео на канале","https://www.youtube.com/watch?v=Qnp9zPglQwI","Qnp9zPglQwI","https://i.ytimg.com/vi/Qnp9zPglQwI/maxres2.jpg?sqp=-oaymwEoCIAKENAF8quKqQMcGADwAQH4Ac4FgAKACooCDAgAEAEYYSBlKFowDw==&rs=AOn4CLDNfdKE9wrKCzR04IOeyiXx3IZuQg","1:00","Dec 3, 2024","needs_review","https://www.youtube.com/shorts/Qnp9zPglQwI","shorts","false"
"Полное видео на канале","Полное видео на канале","https://www.youtube.com/watch?v=wBjCq9egTgQ","wBjCq9egTgQ","https://i.ytimg.com/vi/wBjCq9egTgQ/maxres2.jpg?sqp=-oaymwEoCIAKENAF8quKqQMcGADwAQH4AbYIgAKAD4oCDAgAEAEYZSBeKE8wDw==&rs=AOn4CLD7FGw_HXfw7gC61bCXgk8HdbnT1A","1:00","Dec 2, 2024","needs_review","https://www.youtube.com/shorts/wBjCq9egTgQ","shorts","false"
"Полное видео на канале","Полное видео на канале","https://www.youtube.com/watch?v=rwwV-fEuv_s","rwwV-fEuv_s","https://i.ytimg.com/vi/rwwV-fEuv_s/maxres2.jpg?sqp=-oaymwEoCIAKENAF8quKqQMcGADwAQH4Ac4FgAKACooCDAgAEAEYZSBUKEQwDw==&rs=AOn4CLAZxmC6TXTu6qxIrTqo0Tk8PVD-Lg","1:00","Dec 2, 2024","needs_review","https://www.youtube.com/shorts/rwwV-fEuv_s","shorts","false"
"Полное видео на канале #бицепс #упражнения","Полное видео на канале","https://www.youtube.com/watch?v=WUwdAhIaP_M","WUwdAhIaP_M","https://i.ytimg.com/vi/WUwdAhIaP_M/maxres2.jpg?sqp=-oaymwEoCIAKENAF8quKqQMcGADwAQH4AbYIgAKAD4oCDAgAEAEYZSBbKE8wDw==&rs=AOn4CLCk-Wvvf1BEIv1gYJ4KqnBNyuKGtg","0:50","Nov 16, 2024","needs_review","https://www.youtube.com/shorts/WUwdAhIaP_M","shorts","false"
"Полное видео на канале #бицепс #упражнения","Полное видео на канале","https://www.youtube.com/watch?v=6B-rbB2AO5g","6B-rbB2AO5g","https://i.ytimg.com/vi/6B-rbB2AO5g/maxres2.jpg?sqp=-oaymwEoCIAKENAF8quKqQMcGADwAQH4Ac4FgAKACooCDAgAEAEYZSBfKEowDw==&rs=AOn4CLCLjUqtbSlMnr15RzS-3k3-Y2Le8g","1:00","Nov 16, 2024","needs_review","https://www.youtube.com/shorts/6B-rbB2AO5g","shorts","false"
"Почему болит шея и как это решить. #гаджетшея #больвшее #осанка #tagirfruit #шейныйотдел","Почему болит шея и как это решить.","https://www.youtube.com/watch?v=wbW6s-k3-Gc","wbW6s-k3-Gc","https://i.ytimg.com/vi/wbW6s-k3-Gc/maxres2.jpg?sqp=-oaymwEoCIAKENAF8quKqQMcGADwAQH4AbYIgAKAD4oCDAgAEAEYciBVKEAwDw==&rs=AOn4CLDloCsTQa2js0-Ntx-gfgebwGqvGQ","0:07","Jun 24, 2025","needs_review","https://www.youtube.com/shorts/wbW6s-k3-Gc","shorts","false"
"почему вернулся вес #зож #похудение #рацион","почему вернулся вес","https://www.youtube.com/watch?v=9A47hU_UACk","9A47hU_UACk","https://i.ytimg.com/vi/9A47hU_UACk/maxres2.jpg?sqp=-oaymwEoCIAKENAF8quKqQMcGADwAQH4Ac4FgAKACooCDAgAEAEYZSBSKFEwDw==&rs=AOn4CLC1P-Gub6lkBTiTs4Qo9yCdg71eEQ","0:21","Mar 21, 2023","needs_review","https://www.youtube.com/shorts/9A47hU_UACk","shorts","false"
"Почему вес не снижается? #питание #тренер #диета #похудение #скинутьвес","Почему вес не снижается?","https://www.youtube.com/watch?v=26qXxqS3wf4","26qXxqS3wf4","https://i.ytimg.com/vi/26qXxqS3wf4/maxres2.jpg?sqp=-oaymwEoCIAKENAF8quKqQMcGADwAQH4AbYIgAKAD4oCDAgAEAEYZSBjKEEwDw==&rs=AOn4CLBHfYIkDXyOVzNWStsRMjmZ2UG8bA","0:21","May 21, 2024","needs_review","https://www.youtube.com/shorts/26qXxqS3wf4","shorts","false"
"ПОЧЕМУ ВЫПИРАЕТ ЖИВОТ #тренер #похудение #убратьживот #убратьбока #упражнения","ПОЧЕМУ ВЫПИРАЕТ ЖИВОТ","https://www.youtube.com/watch?v=gYK0RSURkZE","gYK0RSURkZE","https://i.ytimg.com/vi/gYK0RSURkZE/maxres2.jpg?sqp=-oaymwEoCIAKENAF8quKqQMcGADwAQH4AbYIgAKAD4oCDAgAEAEYciBaKEAwDw==&rs=AOn4CLAV3nDexUH87yD5JR1uYgZceMJgzA","0:40","Jun 14, 2024","needs_review","https://www.youtube.com/shorts/gYK0RSURkZE","shorts","false"
"Почему мы бросаем тренировки","Почему мы бросаем тренировки","https://www.youtube.com/watch?v=NUh8U7jGsUw","NUh8U7jGsUw","https://i.ytimg.com/vi/NUh8U7jGsUw/maxres2.jpg?sqp=-oaymwEoCIAKENAF8quKqQMcGADwAQH4Ac4FgAKACooCDAgAEAEYZSBgKFowDw==&rs=AOn4CLBjwmjWCEnILkHC6ze5Bewc77jakQ","0:34","Feb 6, 2023","needs_review","https://www.youtube.com/shorts/NUh8U7jGsUw","shorts","false"
"Почему мы идём тренироваться.#мотивация #эволюция #инстинкты #tagirfruit #нейроподход","Почему мы идём тренироваться.","https://www.youtube.com/watch?v=tzg6W5pYoXk","tzg6W5pYoXk","https://i.ytimg.com/vi/tzg6W5pYoXk/maxres2.jpg?sqp=-oaymwEoCIAKENAF8quKqQMcGADwAQH4AbYIgAKAD4oCDAgAEAEYfyAmKCEwDw==&rs=AOn4CLA45tRLg2Hev9m-wClIst1PFWtmug","0:33","Jun 22, 2025","needs_review","https://www.youtube.com/shorts/tzg6W5pYoXk","shorts","false"
"Почему мы тренируемся","Почему мы тренируемся","https://www.youtube.com/watch?v=Xto3qYlXRQE","Xto3qYlXRQE","https://i.ytimg.com/vi/Xto3qYlXRQE/maxres2.jpg?sqp=-oaymwEoCIAKENAF8quKqQMcGADwAQH4AbQIgAKAD4oCDAgAEAEYRyBSKHIwDw==&rs=AOn4CLAjR4Iyuuemwl8rqwMKzhGQz50M8Q","0:33","Oct 23, 2024","needs_review","https://www.youtube.com/shorts/Xto3qYlXRQE","shorts","false"
"почему перестал худеть, 3 причины. #похудение #диета #биохакинг","почему перестал худеть, 3 причины.","https://www.youtube.com/watch?v=NpKWSgwVVP8","NpKWSgwVVP8","https://i.ytimg.com/vi/NpKWSgwVVP8/maxres2.jpg?sqp=-oaymwEoCIAKENAF8quKqQMcGADwAQH4Ac4FgAKACooCDAgAEAEYQCBOKGUwDw==&rs=AOn4CLCpdpwS3iX3W9k9FxMnacrxSj-mww","0:20","Mar 20, 2023","needs_review","https://www.youtube.com/shorts/NpKWSgwVVP8","shorts","false"
"Почему перестают работать диеты","Почему перестают работать диеты","https://www.youtube.com/watch?v=UuCItxUq45c","UuCItxUq45c","https://i.ytimg.com/vi/UuCItxUq45c/maxres2.jpg?sqp=-oaymwEoCIAKENAF8quKqQMcGADwAQH4Ac4FgAKACooCDAgAEAEYZSBlKFYwDw==&rs=AOn4CLCB1cTrWgeh4LDjlPjYlSM33Zx3Kg","0:32","Feb 11, 2023","needs_review","https://www.youtube.com/shorts/UuCItxUq45c","shorts","false"
"Почему появляется холка на шее. #спинанестоит #сидячаяосанка #tagirfruit #мышцы #осанка #гравитация","Почему появляется холка на шее.","https://www.youtube.com/watch?v=i7kkadeSsF8","i7kkadeSsF8","https://i.ytimg.com/vi/i7kkadeSsF8/maxres2.jpg?sqp=-oaymwEoCIAKENAF8quKqQMcGADwAQH4AbYIgAKAD4oCDAgAEAEYZSBdKFIwDw==&rs=AOn4CLDUhGRjZOZutE88IC7mDeqwClZNBg","0:05","Jun 23, 2025","needs_review","https://www.youtube.com/shorts/i7kkadeSsF8","shorts","false"
"ПОЧЕМУ ТЫ НЕ ВЫСЫПАЕШЬСЯ #сон #здоровье #циркадныеритмы #гормоны #иммунитет #медицинскиефакты","ПОЧЕМУ ТЫ НЕ ВЫСЫПАЕШЬСЯ","https://www.youtube.com/watch?v=pSUVwXKdkLU","pSUVwXKdkLU","https://i.ytimg.com/vi/pSUVwXKdkLU/maxres2.jpg?sqp=-oaymwEoCIAKENAF8quKqQMcGADwAQH4AbYIgAKAD4oCDAgAEAEYPCBlKHIwDw==&rs=AOn4CLBCPvaoWLGW9o9Hktt6N9nsPwhzuQ","0:22","Jun 11, 2024","needs_review","https://www.youtube.com/shorts/pSUVwXKdkLU","shorts","false"
"Почему ты не можешь начать","Почему ты не можешь начать","https://www.youtube.com/watch?v=tymkbMG5_x8","tymkbMG5_x8","https://i.ytimg.com/vi/tymkbMG5_x8/maxres2.jpg?sqp=-oaymwEoCIAKENAF8quKqQMcGADwAQH4AbYIgAKAD4oCDAgAEAEYZSBZKEswDw==&rs=AOn4CLAsutI9BmGWSAFRpLjfZDRu9o0riw","0:05","Jun 9, 2025","needs_review","https://www.youtube.com/shorts/tymkbMG5_x8","shorts","false"
"Почему ты не худеешь #тренер #похудение #диета #нутрициолог","Почему ты не худеешь","https://www.youtube.com/watch?v=AGjAgVHP2KE","AGjAgVHP2KE","https://i.ytimg.com/vi/AGjAgVHP2KE/maxres2.jpg?sqp=-oaymwEoCIAKENAF8quKqQMcGADwAQH4AbYIgAKAD4oCDAgAEAEYViBeKGUwDw==&rs=AOn4CLC2t3kLPVinTlK40PdT3FOWgsOx_A","0:25","May 4, 2024","needs_review","https://www.youtube.com/shorts/AGjAgVHP2KE","shorts","false"
"Причина всех ошибок. Эффект Данинг-Крюгера.","Причина всех ошибок. Эффект Данинг-Крюгера.","https://www.youtube.com/watch?v=mxankOqxeSs","mxankOqxeSs","https://i.ytimg.com/vi/mxankOqxeSs/maxres2.jpg?sqp=-oaymwEoCIAKENAF8quKqQMcGADwAQH4Ac4FgAKACooCDAgAEAEYaiBqKGowDw==&rs=AOn4CLBGLAWygYZAY8VFzlFTFjxlLMZVDQ","0:34","Feb 10, 2023","needs_review","https://www.youtube.com/shorts/mxankOqxeSs","shorts","false"
"причина на поверхности","причина на поверхности","https://www.youtube.com/watch?v=s_XmA1ZyEhk","s_XmA1ZyEhk","https://i.ytimg.com/vi/s_XmA1ZyEhk/maxres2.jpg?sqp=-oaymwEoCIAKENAF8quKqQMcGADwAQH4AbYIgAKAD4oCDAgAEAEYZSBaKEQwDw==&rs=AOn4CLAZ5rJwXpJnhwlFEiX-m9D3EPeqbQ","0:21","Jul 23, 2024","needs_review","https://www.youtube.com/shorts/s_XmA1ZyEhk","shorts","false"
"Причина начать тренировки","Причина начать тренировки","https://www.youtube.com/watch?v=N5zeCe5W-jw","N5zeCe5W-jw","https://i.ytimg.com/vi/N5zeCe5W-jw/maxres2.jpg?sqp=-oaymwEoCIAKENAF8quKqQMcGADwAQH4Ac4FgAKACooCDAgAEAEYZSBlKGUwDw==&rs=AOn4CLBKz5R1EdRwHGB8vyUSqD_o7lGb0w","0:29","Feb 7, 2023","needs_review","https://www.youtube.com/shorts/N5zeCe5W-jw","shorts","false"
"Про алкоголь","Про алкоголь","https://www.youtube.com/watch?v=WdmQbToa12g","WdmQbToa12g","https://i.ytimg.com/vi/WdmQbToa12g/maxres2.jpg?sqp=-oaymwEoCIAKENAF8quKqQMcGADwAQH4AbQIgAKAD4oCDAgAEAEYOyBWKGUwDw==&rs=AOn4CLBddg6oBXgIkMU96TdOFhTL340taw","0:30","Oct 22, 2024","needs_review","https://www.youtube.com/shorts/WdmQbToa12g","shorts","false"
"Про быстрый метаболизм и риск диабета #фитнес #здоровье #зож #лфк #здоровоепитание #нутрицология","Про быстрый метаболизм и риск диабета","https://www.youtube.com/watch?v=td_LCo7AliY","td_LCo7AliY","https://i.ytimg.com/vi/td_LCo7AliY/maxres2.jpg?sqp=-oaymwEoCIAKENAF8quKqQMcGADwAQH4Ac4FgAKACooCDAgAEAEYZSBgKFYwDw==&rs=AOn4CLDbzXNG_lNyJoDzClo1hidqYLywSA","0:31","Feb 19, 2023","needs_review","https://www.youtube.com/shorts/td_LCo7AliY","shorts","false"
"Прогноз на год","Прогноз на год","https://www.youtube.com/watch?v=Qs7q0rMau50","Qs7q0rMau50","https://i.ytimg.com/vi/Qs7q0rMau50/maxres2.jpg?sqp=-oaymwEoCIAKENAF8quKqQMcGADwAQH4AbYIgAKAD4oCDAgAEAEYZSBgKE8wDw==&rs=AOn4CLCCCzrBgXeOrDRPnoewFrhIChfi-g","0:06","Jun 9, 2025","needs_review","https://www.youtube.com/shorts/Qs7q0rMau50","shorts","false"
"Путь меньшего сопротивления #тренер #фитнес #мотивация #размышления #достижениецели","Путь меньшего сопротивления","https://www.youtube.com/watch?v=IiyIpYz8cUQ","IiyIpYz8cUQ","https://i.ytimg.com/vi/IiyIpYz8cUQ/maxres2.jpg?sqp=-oaymwEoCIAKENAF8quKqQMcGADwAQH4AbYIgAKAD4oCDAgAEAEYWSBeKGUwDw==&rs=AOn4CLDcSc7_3uJODra1VyqlKNjoptH19A","0:23","Apr 27, 2024","needs_review","https://www.youtube.com/shorts/IiyIpYz8cUQ","shorts","false"
"Расскажу как тебе тренироваться #тренер #фитнес #отжимания #упражнения #здоровье #техникаупражнений","Расскажу как тебе тренироваться","https://www.youtube.com/watch?v=pfFrAqOQX0U","pfFrAqOQX0U","https://i.ytimg.com/vi/pfFrAqOQX0U/maxres2.jpg?sqp=-oaymwEoCIAKENAF8quKqQMcGADwAQH4AbYIgAKAD4oCDAgAEAEYciBIKDUwDw==&rs=AOn4CLBC70mqxklnD_yxdCTNb5pgTCv8Gg","0:39","Jul 31, 2024","needs_review","https://www.youtube.com/shorts/pfFrAqOQX0U","shorts","false"
"С любовью к травоядным:) #веганство #вегетарианство #сыроедение #нутрициолог #питание","С любовью к травоядным:)","https://www.youtube.com/watch?v=dgO-WFVCMfk","dgO-WFVCMfk","https://i.ytimg.com/vi/dgO-WFVCMfk/maxres2.jpg?sqp=-oaymwEoCIAKENAF8quKqQMcGADwAQH4Ac4FgAKACooCDAgAEAEYZSBaKEkwDw==&rs=AOn4CLAZ5ivQTXsUX0T1Ywc8xt6JSJRphw","0:23","Apr 24, 2024","needs_review","https://www.youtube.com/shorts/dgO-WFVCMfk","shorts","false"
"С новым годом!","С новым годом!","https://www.youtube.com/watch?v=sdhHwLNInZs","sdhHwLNInZs","https://i.ytimg.com/vi/sdhHwLNInZs/maxres2.jpg?sqp=-oaymwEoCIAKENAF8quKqQMcGADwAQH4Ac4FgAKACooCDAgAEAEYciBLKDowDw==&rs=AOn4CLCq_viRFofmKn2x3te9_lmdt5HgrQ","0:06","Dec 29, 2023","needs_review","https://www.youtube.com/shorts/sdhHwLNInZs","shorts","false"
"С собой очень легко договориться #мотивация #зож #тренировки #фитнес #тренер","С собой очень легко договориться","https://www.youtube.com/watch?v=CoHM-sgLAas","CoHM-sgLAas","https://i.ytimg.com/vi/CoHM-sgLAas/maxres2.jpg?sqp=-oaymwEoCIAKENAF8quKqQMcGADwAQH4AbYIgAKAD4oCDAgAEAEYZSBSKE4wDw==&rs=AOn4CLDxM8FzCBDUDdygR8CLAugfFELV9g","0:12","Apr 11, 2024","needs_review","https://www.youtube.com/shorts/CoHM-sgLAas","shorts","false"
"С чего стоит начать тренировки #тренер #фитнес #зож #счегоначать #тренировки","С чего стоит начать тренировки","https://www.youtube.com/watch?v=5ieryAtX0vw","5ieryAtX0vw","https://i.ytimg.com/vi/5ieryAtX0vw/maxres2.jpg?sqp=-oaymwEoCIAKENAF8quKqQMcGADwAQH4AbYIgAKAD4oCDAgAEAEYWSBgKGUwDw==&rs=AOn4CLAE1XWNnOMgym8-NvEwD9jbKvbEtw","0:24","Apr 15, 2024","needs_review","https://www.youtube.com/shorts/5ieryAtX0vw","shorts","false"
"Самая главная ошибка при похудении","Самая главная ошибка при похудении","https://www.youtube.com/watch?v=hX5x-xguMqE","hX5x-xguMqE","https://i.ytimg.com/vi/hX5x-xguMqE/maxres2.jpg?sqp=-oaymwEoCIAKENAF8quKqQMcGADwAQH4Ac4FgAKACooCDAgAEAEYZSBlKGUwDw==&rs=AOn4CLBqiyMMC2MT57-FTUwk1QS8BMrQHQ","0:34","Feb 9, 2023","needs_review","https://www.youtube.com/shorts/hX5x-xguMqE","shorts","false"
"Самая популярная ошибка","Самая популярная ошибка","https://www.youtube.com/watch?v=F-SqcaCb8Ak","F-SqcaCb8Ak","https://i.ytimg.com/vi/F-SqcaCb8Ak/maxres2.jpg?sqp=-oaymwEoCIAKENAF8quKqQMcGADwAQH4AbQIgAKAD4oCDAgAEAEYNiBbKHIwDw==&rs=AOn4CLBhk9vvd2Ozkx-xc0aoUcj5MOq8Lg","0:49","Oct 24, 2024","needs_review","https://www.youtube.com/shorts/F-SqcaCb8Ak","shorts","false"
"Самая популярная ошибка в тренировках","Самая популярная ошибка в тренировках","https://www.youtube.com/watch?v=Jzku_L4bPwM","Jzku_L4bPwM","https://i.ytimg.com/vi/Jzku_L4bPwM/maxres2.jpg?sqp=-oaymwEoCIAKENAF8quKqQMcGADwAQH4AbYIgAKAD4oCDAgAEAEYZSBOKD8wDw==&rs=AOn4CLATZos3p3EQ0nRePY-l1QPYljcfDg","0:26","Jan 8, 2024","needs_review","https://www.youtube.com/shorts/Jzku_L4bPwM","shorts","false"
"Самый простой совет по питанию","Самый простой совет по питанию","https://www.youtube.com/watch?v=iFQX0cUIQSc","iFQX0cUIQSc","https://i.ytimg.com/vi/iFQX0cUIQSc/maxres2.jpg?sqp=-oaymwEoCIAKENAF8quKqQMcGADwAQH4Ac4FgAKACooCDAgAEAEYZSBlKFQwDw==&rs=AOn4CLCbTCopy5DInIGpqg3Mxpg2uw2E7Q","0:31","Feb 16, 2023","needs_review","https://www.youtube.com/shorts/iFQX0cUIQSc","shorts","false"
"Сейчас вернусь!)","Сейчас вернусь!)","https://www.youtube.com/watch?v=DcJJxXumpwQ","DcJJxXumpwQ","https://i.ytimg.com/vi/DcJJxXumpwQ/maxres2.jpg?sqp=-oaymwEoCIAKENAF8quKqQMcGADwAQH4AbYIgAKAD4oCDAgAEAEYciBRKC4wDw==&rs=AOn4CLADCgHqqpXbO9PKp3y5vFZ2TkmvrA","0:06","Jan 10, 2024","needs_review","https://www.youtube.com/shorts/DcJJxXumpwQ","shorts","false"
"Сколько делать подходов и повторений. #фитнес  #тренер #тренировки #персональныйтренер","Сколько делать подходов и повторений.","https://www.youtube.com/watch?v=0Onwelkvvj4","0Onwelkvvj4","https://i.ytimg.com/vi/0Onwelkvvj4/maxres2.jpg?sqp=-oaymwEoCIAKENAF8quKqQMcGADwAQH4Ac4FgAKACooCDAgAEAEYZSBeKFEwDw==&rs=AOn4CLCUEayaKDwLehKGOq2_rny07M-G4g","0:31","Feb 5, 2024","needs_review","https://www.youtube.com/shorts/0Onwelkvvj4","shorts","false"
"Сладость в радость #тренер #фитнес #зож #сладкое #диета #похудение","Сладость в радость","https://www.youtube.com/watch?v=mPYfDfiy_J4","mPYfDfiy_J4","https://i.ytimg.com/vi/mPYfDfiy_J4/maxres2.jpg?sqp=-oaymwEoCIAKENAF8quKqQMcGADwAQH4AbYIgAKAD4oCDAgAEAEYZSBbKEowDw==&rs=AOn4CLCswcnIdf24qbmCAG-oahtJ908ssg","0:20","May 11, 2024","needs_review","https://www.youtube.com/shorts/mPYfDfiy_J4","shorts","false"
"Сложность лишь иллюзия. #тренер #счегоначатьтренировки #фитнес #мотивация #спорт","Сложность лишь иллюзия.","https://www.youtube.com/watch?v=4eSME11VupY","4eSME11VupY","https://i.ytimg.com/vi/4eSME11VupY/maxres2.jpg?sqp=-oaymwEoCIAKENAF8quKqQMcGADwAQH4AbYIgAKAD4oCDAgAEAEYVyBdKGUwDw==&rs=AOn4CLAzz-zsQRMXpzL2XIisb8ukl59HqA","0:09","May 3, 2024","needs_review","https://www.youtube.com/shorts/4eSME11VupY","shorts","false"
"советы как не откладывать тренировки на потом #фитнес #здоровоепитание #fitnessmotivation #зож","советы как не откладывать тренировки на потом","https://www.youtube.com/watch?v=C5NQwjO-uv0","C5NQwjO-uv0","https://i.ytimg.com/vi/C5NQwjO-uv0/maxres2.jpg?sqp=-oaymwEoCIAKENAF8quKqQMcGADwAQH4Ac4FgAKACooCDAgAEAEYZSBjKFgwDw==&rs=AOn4CLCqOwb7zgPQ_mLAe5eLEJCwrKMKdw","0:13","Mar 31, 2023","needs_review","https://www.youtube.com/shorts/C5NQwjO-uv0","shorts","false"
"Сон критически важен","Сон критически важен","https://www.youtube.com/watch?v=2Rue2RYCXNc","2Rue2RYCXNc","https://i.ytimg.com/vi/2Rue2RYCXNc/maxres2.jpg?sqp=-oaymwEoCIAKENAF8quKqQMcGADwAQH4AbYIgAKAD4oCDAgAEAEYciBEKDQwDw==&rs=AOn4CLA4rTvYfZUTn1UG9VVCs0su8Tvigw","0:22","Aug 27, 2024","needs_review","https://www.youtube.com/shorts/2Rue2RYCXNc","shorts","false"
"Сохрани, что-бы не потерять:) #тренер #фитнес #зож #юмор #motivation #спорт","Сохрани, что-бы не потерять:)","https://www.youtube.com/watch?v=1T8hrq5v_Oo","1T8hrq5v_Oo","https://i.ytimg.com/vi/1T8hrq5v_Oo/maxres2.jpg?sqp=-oaymwEoCIAKENAF8quKqQMcGADwAQH4AbYIgAKAD4oCDAgAEAEYZSBaKE4wDw==&rs=AOn4CLDhUzACCGtpy4CuEczRVlMz7j1cpw","0:21","May 10, 2024","needs_review","https://www.youtube.com/shorts/1T8hrq5v_Oo","shorts","false"
"СОХРАНИ, ЧТОБЫ НЕ ПОТЕРЯТЬ.#ФитнесСоветы #Осанка #руки #трицепс #упражнения","СОХРАНИ, ЧТОБЫ НЕ ПОТЕРЯТЬ.","https://www.youtube.com/watch?v=nX2e756GED0","nX2e756GED0","https://i.ytimg.com/vi/nX2e756GED0/maxres2.jpg?sqp=-oaymwEoCIAKENAF8quKqQMcGADwAQH4AbYIgAKAD4oCDAgAEAEYZSBdKEwwDw==&rs=AOn4CLDCWnxsjfDXYJPvOdlKi8PYM83JwQ","0:48","Sep 3, 2024","needs_review","https://www.youtube.com/shorts/nX2e756GED0","shorts","false"
"Сохраняй и не болей! #здоровье #добавкидляиммунитета #иммунитет #неболей #фитнес #кошачийкоготь","Сохраняй и не болей!","https://www.youtube.com/watch?v=uu_ZDEyptFw","uu_ZDEyptFw","https://i.ytimg.com/vi/uu_ZDEyptFw/maxres2.jpg?sqp=-oaymwEoCIAKENAF8quKqQMcGADwAQH4AbYIgAKAD4oCDAgAEAEYVSBfKGUwDw==&rs=AOn4CLAMtMFZtyJvAuCIFTfUxCJ0rxv5dw","0:38","May 18, 2024","needs_review","https://www.youtube.com/shorts/uu_ZDEyptFw","shorts","false"
"Спустя пол года тренировок #мотивация #тренировка #фитнес #здоровье #привычки #саморазвитие","Спустя пол года тренировок","https://www.youtube.com/watch?v=gr0Fod9wyEc","gr0Fod9wyEc","https://i.ytimg.com/vi/gr0Fod9wyEc/maxres2.jpg?sqp=-oaymwEoCIAKENAF8quKqQMcGADwAQH4AbYIgAKAD4oCDAgAEAEYZSBjKFQwDw==&rs=AOn4CLAEVOlsfbNJpPRuBkpNaThcNAzPMw","0:06","Jun 12, 2025","needs_review","https://www.youtube.com/shorts/gr0Fod9wyEc","shorts","false"
"Стандартные протоколы питания, полная чушь #фитнес #зож #здоровье","Стандартные протоколы питания, полная чушь","https://www.youtube.com/watch?v=Zj_Om_EKhOM","Zj_Om_EKhOM","https://i.ytimg.com/vi/Zj_Om_EKhOM/maxres2.jpg?sqp=-oaymwEoCIAKENAF8quKqQMcGADwAQH4Ac4FgAKACooCDAgAEAEYZSBfKFUwDw==&rs=AOn4CLDiHuqWItcEafhDSairC_Y8QRHO1g","0:46","Mar 2, 2023","needs_review","https://www.youtube.com/shorts/Zj_Om_EKhOM","shorts","false"
"Страшно, вырубай!","Страшно, вырубай!","https://www.youtube.com/watch?v=UdfGBV_uCR8","UdfGBV_uCR8","https://i.ytimg.com/vi/UdfGBV_uCR8/maxres2.jpg?sqp=-oaymwEoCIAKENAF8quKqQMcGADwAQH4AbYIgAKAD4oCDAgAEAEYZSBeKFIwDw==&rs=AOn4CLDHPhv1K5eGj3ATf6J0JFBaShE71Q","0:10","Jan 12, 2024","needs_review","https://www.youtube.com/shorts/UdfGBV_uCR8","shorts","false"
"Такова твоя трансформация.  #тренер #фитнес #тело #здоровье #энергия #похудение","Такова твоя трансформация.","https://www.youtube.com/watch?v=C-OKpzG00xE","C-OKpzG00xE","https://i.ytimg.com/vi/C-OKpzG00xE/maxres2.jpg?sqp=-oaymwEoCIAKENAF8quKqQMcGADwAQH4Ac4FgAKACooCDAgAEAEYZSBbKEwwDw==&rs=AOn4CLDVifwF3nUifor1P2ao8Umkpmdsag","0:51","Mar 15, 2024","needs_review","https://www.youtube.com/shorts/C-OKpzG00xE","shorts","false"
"Тренинг дрища","Тренинг дрища","https://www.youtube.com/watch?v=fGfJsuUYz7o","fGfJsuUYz7o","https://i.ytimg.com/vi/fGfJsuUYz7o/maxres2.jpg?sqp=-oaymwEoCIAKENAF8quKqQMcGADwAQH4Ac4FgAKACooCDAgAEAEYZSBlKGUwDw==&rs=AOn4CLBBNMiMWv8SonRiQpzxGcaPzzUyJA","0:55","Mar 8, 2023","needs_review","https://www.youtube.com/shorts/fGfJsuUYz7o","shorts","false"
"Тренировки для подростков.","Тренировки для подростков.","https://www.youtube.com/watch?v=I19_YdPhyu8","I19_YdPhyu8","https://i.ytimg.com/vi/I19_YdPhyu8/maxres2.jpg?sqp=-oaymwEoCIAKENAF8quKqQMcGADwAQH4Ac4FgAKACooCDAgAEAEYZSBlKGUwDw==&rs=AOn4CLDHrOY2up2P1GOw_gPp6eRIjVw4OA","1:00","Feb 25, 2023","needs_review","https://www.youtube.com/shorts/I19_YdPhyu8","shorts","false"
"тренировки должны быть здоровыми #фитнес #тренер #зож #качалка #кинезиология","тренировки должны быть здоровыми","https://www.youtube.com/watch?v=rwUgjlwdObI","rwUgjlwdObI","https://i.ytimg.com/vi/rwUgjlwdObI/maxres2.jpg?sqp=-oaymwEoCIAKENAF8quKqQMcGADwAQH4Ac4FgAKACooCDAgAEAEYZSBlKGUwDw==&rs=AOn4CLCntHRXEUiPZvwf1LREhjQu2EjjkA","0:12","Feb 16, 2024","needs_review","https://www.youtube.com/shorts/rwUgjlwdObI","shorts","false"
"три гормона которые мешают похудеть #фитнес #питание #похудетьлегко","три гормона которые мешают похудеть","https://www.youtube.com/watch?v=FdRipGD5nSc","FdRipGD5nSc","https://i.ytimg.com/vi/FdRipGD5nSc/maxres2.jpg?sqp=-oaymwEoCIAKENAF8quKqQMcGADwAQH4Ac4FgAKACooCDAgAEAEYZSBQKFAwDw==&rs=AOn4CLBA2VZ9EHLHURfMjxkGnEYcbFV1xQ","0:11","Mar 27, 2023","needs_review","https://www.youtube.com/shorts/FdRipGD5nSc","shorts","false"
"три прострых способа улучшить свою физическую форму. #здоровье #фитнес #здоровоепитание #лфк #зож","три прострых способа улучшить свою физическую форму.","https://www.youtube.com/watch?v=dPRHws1HwjU","dPRHws1HwjU","https://i.ytimg.com/vi/dPRHws1HwjU/maxres2.jpg?sqp=-oaymwEoCIAKENAF8quKqQMcGADwAQH4Ac4FgAKACooCDAgAEAEYZSBhKFcwDw==&rs=AOn4CLAnPHY2vsn4eLFOn6fvbQZw9owQow","0:15","Apr 7, 2023","needs_review","https://www.youtube.com/shorts/dPRHws1HwjU","shorts","false"
"Ты не ленивый(ая)#нетплана #метод #мотивация #телоизменяется #тренеруказал #тренируйся #tagirfruit","Ты не ленивый(ая)","https://www.youtube.com/watch?v=5kLvHkwYDOo","5kLvHkwYDOo","https://i.ytimg.com/vi/5kLvHkwYDOo/maxres2.jpg?sqp=-oaymwEoCIAKENAF8quKqQMcGADwAQH4AbYIgAKAD4oCDAgAEAEYZSBgKFMwDw==&rs=AOn4CLBygNipOuxZUdEj6OP57jGV8kLwig","0:07","Jun 12, 2025","needs_review","https://www.youtube.com/shorts/5kLvHkwYDOo","shorts","false"
"Ты никогда не перекачаешься #здоровье #фитнес","Ты никогда не перекачаешься","https://www.youtube.com/watch?v=r2Q19K_RwPo","r2Q19K_RwPo","https://i.ytimg.com/vi/r2Q19K_RwPo/maxres2.jpg?sqp=-oaymwEoCIAKENAF8quKqQMcGADwAQH4Ac4FgAKACooCDAgAEAEYSCBWKHIwDw==&rs=AOn4CLDBAo4vhHPAxfoeXVzI8ZaLnu375w","0:29","Mar 10, 2023","needs_review","https://www.youtube.com/shorts/r2Q19K_RwPo","shorts","false"
"Ты сильнее чем ты думаешь:)#мотивация #тренер #сила #силадуха #тысможешь","Ты сильнее чем ты думаешь:)","https://www.youtube.com/watch?v=kUy3owzFFxM","kUy3owzFFxM","https://i.ytimg.com/vi/kUy3owzFFxM/maxres2.jpg?sqp=-oaymwEoCIAKENAF8quKqQMcGADwAQH4Ac4FgAKACooCDAgAEAEYZSBgKFYwDw==&rs=AOn4CLD7khxPpt7Vzvs-w0BSZCItRxqGnw","0:22","Mar 1, 2024","needs_review","https://www.youtube.com/shorts/kUy3owzFFxM","shorts","false"
"Ты уже все знаешь:)#присед #деньног #техникаупражнений #тренер #похудение #юмор","Ты уже все знаешь:)","https://www.youtube.com/watch?v=SXPq0cAPRAU","SXPq0cAPRAU","https://i.ytimg.com/vi/SXPq0cAPRAU/maxres2.jpg?sqp=-oaymwEoCIAKENAF8quKqQMcGADwAQH4AbYIgAKAD4oCDAgAEAEYZSBfKE0wDw==&rs=AOn4CLAU3HaldJFOm9lpzSxYbSGgdgWUCg","0:23","Jul 26, 2024","needs_review","https://www.youtube.com/shorts/SXPq0cAPRAU","shorts","false"
"У тебя безграничный потенциал. #мотивация #генетика #потенциал #фитнес #тренировки #спорт #тренер","У тебя безграничный потенциал.","https://www.youtube.com/watch?v=5zvXpEmmXCg","5zvXpEmmXCg","https://i.ytimg.com/vi/5zvXpEmmXCg/maxres2.jpg?sqp=-oaymwEoCIAKENAF8quKqQMcGADwAQH4Ac4FgAKACooCDAgAEAEYZSBeKE4wDw==&rs=AOn4CLBtGVFI_Dmz7CS8OT-nIgCTtGYuFg","0:41","Mar 19, 2024","needs_review","https://www.youtube.com/shorts/5zvXpEmmXCg","shorts","false"
"УЗНАЙ О ГЕНЕТИКЕ В ТРЕНИРОВКАХ #генетика #фитнес #тренировки #нутрициолог #мотивация","УЗНАЙ О ГЕНЕТИКЕ В ТРЕНИРОВКАХ","https://www.youtube.com/watch?v=fNbxnhl47Po","fNbxnhl47Po","https://i.ytimg.com/vi/fNbxnhl47Po/maxres2.jpg?sqp=-oaymwEoCIAKENAF8quKqQMcGADwAQH4AbYIgAKAD4oCDAgAEAEYciBCKC4wDw==&rs=AOn4CLCVLsbdJg6ZEMWJM5cHrp8usB-vsw","0:23","Aug 2, 2024","needs_review","https://www.youtube.com/shorts/fNbxnhl47Po","shorts","false"
"упражнения на осанку #здоровье #зож #здоровоепитание #фитнес #мотивация #бодибилдинг","упражнения на осанку","https://www.youtube.com/watch?v=9pLcOouYnfs","9pLcOouYnfs","https://i.ytimg.com/vi/9pLcOouYnfs/maxres2.jpg?sqp=-oaymwEoCIAKENAF8quKqQMcGADwAQH4Ac4FgAKACooCDAgAEAEYRSBWKHIwDw==&rs=AOn4CLAHRIdXH0IOz_dIDlT0lzLObfzL4w","0:19","Apr 25, 2023","needs_review","https://www.youtube.com/shorts/9pLcOouYnfs","shorts","true"
"Упражнения на пресс #тренер #похудение #фитнес #упражнения #пресс","Упражнения на пресс","https://www.youtube.com/watch?v=Dh1nDYnYmqY","Dh1nDYnYmqY","https://i.ytimg.com/vi/Dh1nDYnYmqY/maxres2.jpg?sqp=-oaymwEoCIAKENAF8quKqQMcGADwAQH4AbYIgAKAD4oCDAgAEAEYZSBfKFEwDw==&rs=AOn4CLBpRW7JGRcrHtlwzrWnzybgXapoSA","0:32","Sep 1, 2024","пресс","https://www.youtube.com/shorts/Dh1nDYnYmqY","shorts","true"
"упражнения от боли в пояснице https://t.me/supertagir #здоровье #здоровоепитание #фитнес","упражнения от боли в пояснице https://t.me/supertagir","https://www.youtube.com/watch?v=ygwZKvXlbrQ","ygwZKvXlbrQ","https://i.ytimg.com/vi/ygwZKvXlbrQ/maxres2.jpg?sqp=-oaymwEoCIAKENAF8quKqQMcGADwAQH4Ac4FgAKACooCDAgAEAEYZSBZKFowDw==&rs=AOn4CLAV75F2EsV5zarwfijpK4r_kIzvqw","0:55","Apr 18, 2023","needs_review","https://www.youtube.com/shorts/ygwZKvXlbrQ","shorts","false"
"Упругим ягодицам посвящается #тренер #юмор #зож #фитнес #ягодицы #орех","Упругим ягодицам посвящается","https://www.youtube.com/watch?v=AjMruyRD5Z8","AjMruyRD5Z8","https://i.ytimg.com/vi/AjMruyRD5Z8/maxres2.jpg?sqp=-oaymwEoCIAKENAF8quKqQMcGADwAQH4AbYIgAKAD4oCDAgAEAEYVyBfKGUwDw==&rs=AOn4CLBjRG9qBOg_8nxBxaVyKCz4HqGlUQ","0:15","May 3, 2024","ягодицы","https://www.youtube.com/shorts/AjMruyRD5Z8","shorts","false"
"УСКОРЕННОЕ ВОССТАНОВЛЕНИЕ #тренер #фитнес #здоровье #витамины #восстановление","УСКОРЕННОЕ ВОССТАНОВЛЕНИЕ","https://www.youtube.com/watch?v=iDM-LpXLPxI","iDM-LpXLPxI","https://i.ytimg.com/vi/iDM-LpXLPxI/maxres2.jpg?sqp=-oaymwEoCIAKENAF8quKqQMcGADwAQH4AbYIgAKAD4oCDAgAEAEYciBeKEQwDw==&rs=AOn4CLBE_v_brx0SeimQdnMqOUqoJHmfdQ","0:15","Jun 17, 2024","пресс","https://www.youtube.com/shorts/iDM-LpXLPxI","shorts","false"
"Утро понедельника... #качалка #тренер #фитнес #зож #юмор #здоровье #тренировка","Утро понедельника...","https://www.youtube.com/watch?v=Ap_qXlpXd40","Ap_qXlpXd40","https://i.ytimg.com/vi/Ap_qXlpXd40/maxres2.jpg?sqp=-oaymwEoCIAKENAF8quKqQMcGADwAQH4AbYIgAKAD4oCDAgAEAEYciBVKEIwDw==&rs=AOn4CLBe1BXwU3t5RMhVhqXhOSNbcRZlxw","0:10","Jan 29, 2024","needs_review","https://www.youtube.com/shorts/Ap_qXlpXd40","shorts","false"
"Фрукторианцы или откуда взялись эльфы, гномы, хлббиты и т.д. #фитнес #здоровье #зож #здоровоепитание","Фрукторианцы или откуда взялись эльфы, гномы, хлббиты и т.д.","https://www.youtube.com/watch?v=_IuovswuaeE","_IuovswuaeE","https://i.ytimg.com/vi/_IuovswuaeE/maxres2.jpg?sqp=-oaymwEoCIAKENAF8quKqQMcGADwAQH4Ac4FgAKACooCDAgAEAEYZSBeKFQwDw==&rs=AOn4CLBMbNYe4thI7TmdyVVuMJtJG9fXmQ","0:45","Mar 7, 2023","needs_review","https://www.youtube.com/shorts/_IuovswuaeE","shorts","false"
"Х2 к росту ягодиц, от них можно будет прикуривать! #тренер #фитнес #жопа #ягодицы #орех #попка","Х2 к росту ягодиц, от них можно будет прикуривать!","https://www.youtube.com/watch?v=pxwdTSFzRMQ","pxwdTSFzRMQ","https://i.ytimg.com/vi/pxwdTSFzRMQ/maxres2.jpg?sqp=-oaymwEoCIAKENAF8quKqQMcGADwAQH4AbYIgAKAD4oCDAgAEAEYZSBhKE0wDw==&rs=AOn4CLDZLTOwMInH5aLUHXVDZ2mQCHwN3Q","0:28","Jun 19, 2024","ягодицы","https://www.youtube.com/shorts/pxwdTSFzRMQ","shorts","false"
"Хочешь бросить тренировки? #тренер #мотивация #броситьтренировки #мысли","Хочешь бросить тренировки?","https://www.youtube.com/watch?v=tkWQBNG4FlA","tkWQBNG4FlA","https://i.ytimg.com/vi/tkWQBNG4FlA/maxres2.jpg?sqp=-oaymwEoCIAKENAF8quKqQMcGADwAQH4AbYIgAKAD4oCDAgAEAEYSCBaKGUwDw==&rs=AOn4CLDF_o20niIfVU-Pib_Rbtze457CGQ","0:08","Apr 30, 2024","needs_review","https://www.youtube.com/shorts/tkWQBNG4FlA","shorts","false"
"Хочешь убрать сутулость?  #Осанка #ЗдороваяСпина #ФитнесСоветы #ТренировкиДляСпины #ПравильнаяОсанка","Хочешь убрать сутулость?","https://www.youtube.com/watch?v=wA0WFG0TRVM","wA0WFG0TRVM","https://i.ytimg.com/vi/wA0WFG0TRVM/maxres2.jpg?sqp=-oaymwEoCIAKENAF8quKqQMcGADwAQH4AbYIgAKAD4oCDAgAEAEYLSBaKHIwDw==&rs=AOn4CLD2f04_c7f_3zbHRiJbjrDh45m15g","0:15","Aug 19, 2024","needs_review","https://www.youtube.com/shorts/wA0WFG0TRVM","shorts","false"
"Худеем к новому году:)","Худеем к новому году:)","https://www.youtube.com/watch?v=C3CEuum3CF8","C3CEuum3CF8","https://i.ytimg.com/vi/C3CEuum3CF8/maxres2.jpg?sqp=-oaymwEoCIAKENAF8quKqQMcGADwAQH4AbYIgAKAD4oCDAgAEAEYZSBSKEAwDw==&rs=AOn4CLC6jw7zpg9RL5kj9RPFvFoyUlwyoA","0:11","Dec 26, 2023","needs_review","https://www.youtube.com/shorts/C3CEuum3CF8","shorts","false"
"худеем раз и навсегда!)","худеем раз и навсегда!)","https://www.youtube.com/watch?v=sudXcyIf3fU","sudXcyIf3fU","https://i.ytimg.com/vi/sudXcyIf3fU/maxres2.jpg?sqp=-oaymwEoCIAKENAF8quKqQMcGADwAQH4Ac4FgAKACooCDAgAEAEYYiBiKGIwDw==&rs=AOn4CLBJ_LTI3Dqz387WN2BVTzyJU9QmQA","0:03","Jan 15, 2024","needs_review","https://www.youtube.com/shorts/sudXcyIf3fU","shorts","false"
"Худей без вреда здоровью. Здоровый рацион в первом комментарии#здоровье #похудение  #тренер #диета","Худей без вреда здоровью. Здоровый рацион в первом комментарии","https://www.youtube.com/watch?v=HOsAcl3C9kw","HOsAcl3C9kw","https://i.ytimg.com/vi/HOsAcl3C9kw/maxres2.jpg?sqp=-oaymwEoCIAKENAF8quKqQMcGADwAQH4Ac4FgAKACooCDAgAEAEYZSBgKFYwDw==&rs=AOn4CLBH2yNgaIcobeU3APDodiIk8tXFSw","0:26","Feb 29, 2024","needs_review","https://www.youtube.com/shorts/HOsAcl3C9kw","shorts","false"
"Что будет, если не тренироваться.","Что будет, если не тренироваться.","https://www.youtube.com/watch?v=9-aNfYCmWA8","9-aNfYCmWA8","https://i.ytimg.com/vi/9-aNfYCmWA8/maxres2.jpg?sqp=-oaymwEoCIAKENAF8quKqQMcGADwAQH4AbYIgAKAD4oCDAgAEAEYZSBeKE0wDw==&rs=AOn4CLB7dnKdal2A1ieQRCapni4TR7R0ww","0:06","Jun 9, 2025","needs_review","https://www.youtube.com/shorts/9-aNfYCmWA8","shorts","false"
"Что будет, если ты не начнёшь тренироваться #делайкактренер #какнакачатьбицепс #спорт","Что будет, если ты не начнёшь тренироваться","https://www.youtube.com/watch?v=qcA5ykiywZY","qcA5ykiywZY","https://i.ytimg.com/vi/qcA5ykiywZY/maxres2.jpg?sqp=-oaymwEoCIAKENAF8quKqQMcGADwAQH4AbYIgAKAD4oCDAgAEAEYZSBgKE8wDw==&rs=AOn4CLBYyAceAbMMBUWuU9zs3HtR01OQPQ","0:06","Jun 10, 2025","needs_review","https://www.youtube.com/shorts/qcA5ykiywZY","shorts","false"
"ЧТО ДЕЛАТЬ ЕСЛИ МАЛО ЭНЕРГИИ #тренер #зож #железо #ферритин #энергия","ЧТО ДЕЛАТЬ ЕСЛИ МАЛО ЭНЕРГИИ","https://www.youtube.com/watch?v=69O_dEg0-qk","69O_dEg0-qk","https://i.ytimg.com/vi/69O_dEg0-qk/maxres2.jpg?sqp=-oaymwEoCIAKENAF8quKqQMcGADwAQH4AbYIgAKAD4oCDAgAEAEYciBcKEEwDw==&rs=AOn4CLCAcd01nTKJjAnpyquXSFY_XfjUMA","0:32","Jun 24, 2024","needs_review","https://www.youtube.com/shorts/69O_dEg0-qk","shorts","false"
"Что делать, если давно не тренировался (ась). #фитнесплан #мотивация #суперкомпенсация #tagirfruit","Что делать, если давно не тренировался (ась).","https://www.youtube.com/watch?v=4g991diin64","4g991diin64","https://i.ytimg.com/vi/4g991diin64/maxres2.jpg?sqp=-oaymwEoCIAKENAF8quKqQMcGADwAQH4AbYIgAKAD4oCDAgAEAEYZSBgKFMwDw==&rs=AOn4CLDudntzEwpPVPWme75mtMA_OAOHXQ","0:07","Jun 13, 2025","needs_review","https://www.youtube.com/shorts/4g991diin64","shorts","false"
"Что есть на ночь #похудение #диета #сушка #тренер","Что есть на ночь","https://www.youtube.com/watch?v=mN-rtRCFcuI","mN-rtRCFcuI","https://i.ytimg.com/vi/mN-rtRCFcuI/maxres2.jpg?sqp=-oaymwEoCIAKENAF8quKqQMcGADwAQH4AbYIgAKAD4oCDAgAEAEYZSBeKFIwDw==&rs=AOn4CLANHOrzVSEW_cqowuRrzuFit1CbuA","0:11","Apr 3, 2024","needs_review","https://www.youtube.com/shorts/mN-rtRCFcuI","shorts","false"
"Что меняется через 1 месяц тренировок.  #мотивация #тело #осанка #изменениетела #фитнесдлядуши","Что меняется через 1 месяц тренировок.","https://www.youtube.com/watch?v=JKuNxJopQEc","JKuNxJopQEc","https://i.ytimg.com/vi/JKuNxJopQEc/maxres2.jpg?sqp=-oaymwEoCIAKENAF8quKqQMcGADwAQH4AbYIgAKAD4oCDAgAEAEYZSBdKEswDw==&rs=AOn4CLC06x3zwwIfmOxrHyYwoMo74NXuxg","0:06","Jun 12, 2025","needs_review","https://www.youtube.com/shorts/JKuNxJopQEc","shorts","false"
"Чтобы от ягодиц можно было прикурить #качалка #тренер #юмор","Чтобы от ягодиц можно было прикурить","https://www.youtube.com/watch?v=m9htKlGb6yY","m9htKlGb6yY","https://i.ytimg.com/vi/m9htKlGb6yY/maxres2.jpg?sqp=-oaymwEoCIAKENAF8quKqQMcGADwAQH4Ac4FgAKACooCDAgAEAEYZSBOKEwwDw==&rs=AOn4CLD7UdjUR5HQgCNyRXBAA-Wi3RcYxA","0:11","Dec 28, 2023","ягодицы","https://www.youtube.com/shorts/m9htKlGb6yY","shorts","false"
"Энтузиаст в зале","Энтузиаст в зале","https://www.youtube.com/watch?v=U5_rrlwTnlQ","U5_rrlwTnlQ","https://i.ytimg.com/vi/U5_rrlwTnlQ/maxres2.jpg?sqp=-oaymwEoCIAKENAF8quKqQMcGADwAQH4Ac4FgAKACooCDAgAEAEYYCBgKGAwDw==&rs=AOn4CLAP4cr74ho7l6Q0_bvfaKLEKw-JNw","0:14","Jan 3, 2024","needs_review","https://www.youtube.com/shorts/U5_rrlwTnlQ","shorts","false"
"Эти ошибки убивают твой прогресс в зале #тренер #фитнес #здоровье #зож #витамины","Эти ошибки убивают твой прогресс в зале","https://www.youtube.com/watch?v=60oUuecrTFI","60oUuecrTFI","https://i.ytimg.com/vi/60oUuecrTFI/maxres2.jpg?sqp=-oaymwEoCIAKENAF8quKqQMcGADwAQH4AbYIgAKAD4oCDAgAEAEYZSBYKDwwDw==&rs=AOn4CLAEOQ89ndhXS0EGQfyRWcbB0o18kg","0:24","Jun 18, 2024","needs_review","https://www.youtube.com/shorts/60oUuecrTFI","shorts","false"
"Это нормально, когда ты новичок. #спорт #юмор #какнакачатьбицепс","Это нормально, когда ты новичок.","https://www.youtube.com/watch?v=I9jgT_MebYY","I9jgT_MebYY","https://i.ytimg.com/vi/I9jgT_MebYY/maxres2.jpg?sqp=-oaymwEoCIAKENAF8quKqQMcGADwAQH4AbYIgAKAD4oCDAgAEAEYZSBiKFQwDw==&rs=AOn4CLCBOO2iuhxtXQhy5Vl1tlunFmTb_Q","0:04","Jun 11, 2025","needs_review","https://www.youtube.com/shorts/I9jgT_MebYY","shorts","false"
"Это спасет твою спину. Ссылка в описании.","Это спасет твою спину. Ссылка в описании.","https://www.youtube.com/watch?v=4lQVbOvGsmw","4lQVbOvGsmw","https://i.ytimg.com/vi/4lQVbOvGsmw/maxresdefault.jpg?sqp=-oaymwEmCIAKENAF8quKqQMa8AEB-AG2CIACgA-KAgwIABABGGUgXShQMA8=&rs=AOn4CLDe7zhrGb0_QP_y4008vHKDG0wfMQ","1:54","Jun 23, 2025","спина","https://www.youtube.com/shorts/4lQVbOvGsmw","shorts","false"
"Я ем всё и при этом не толстею.","Я ем всё и при этом не толстею.","https://www.youtube.com/watch?v=6nqVkPVX8ps","6nqVkPVX8ps","https://i.ytimg.com/vi/6nqVkPVX8ps/maxres2.jpg?sqp=-oaymwEoCIAKENAF8quKqQMcGADwAQH4Ac4FgAKACooCDAgAEAEYbCBsKGwwDw==&rs=AOn4CLDeLvhHayiYSX-jk9ss0WcsMDS_qA","0:41","Feb 12, 2023","needs_review","https://www.youtube.com/shorts/6nqVkPVX8ps","shorts","false"
"G - жим, а в описании еще также написано, как попасть ко мне на занятия.","G - жим, а в описании еще также написано, как попасть ко мне на занятия.","https://www.youtube.com/watch?v=XfoX-qrlNfU","XfoX-qrlNfU","https://i.ytimg.com/vi/XfoX-qrlNfU/maxres2.jpg?sqp=-oaymwEoCIAKENAF8quKqQMcGADwAQH4Ac4FgAKACooCDAgAEAEYZSBfKFUwDw==&rs=AOn4CLCbHY4M4UBzRd0SK7SwSO80hunCUA","1:00","Apr 19, 2023","needs_review","https://www.youtube.com/shorts/XfoX-qrlNfU","shorts","true"
"G-жим","G-жим","https://www.youtube.com/watch?v=jnlX6uyWaeg","jnlX6uyWaeg","https://i.ytimg.com/vi/jnlX6uyWaeg/maxres2.jpg?sqp=-oaymwEoCIAKENAF8quKqQMcGADwAQH4Ac4FgAKACooCDAgAEAEYYSBlKFswDw==&rs=AOn4CLDnieDT7bv3ANQLGtGjxncWPnhctA","1:00","Nov 24, 2024","needs_review","https://www.youtube.com/shorts/jnlX6uyWaeg","shorts","true"
"i am iron man!","i am iron man!","https://www.youtube.com/watch?v=uMXN7JwjVb0","uMXN7JwjVb0","https://i.ytimg.com/vi/uMXN7JwjVb0/maxres2.jpg?sqp=-oaymwEoCIAKENAF8quKqQMcGADwAQH4Ac4FgAKACooCDAgAEAEYDyBlKFUwDw==&rs=AOn4CLCgzPrSzP2MpgQH1-M8p2nZjlCISg","0:08","Apr 17, 2023","needs_review","https://www.youtube.com/shorts/uMXN7JwjVb0","shorts","false"
"POV: немного набрал за праздники #фитнес #бодибилдинг #тренер #зож #юмор #здоровье","POV: немного набрал за праздники","https://www.youtube.com/watch?v=xmeDjakRhOs","xmeDjakRhOs","https://i.ytimg.com/vi/xmeDjakRhOs/maxres2.jpg?sqp=-oaymwEoCIAKENAF8quKqQMcGADwAQH4Ac4FgAKACooCDAgAEAEYQSBbKGUwDw==&rs=AOn4CLCwipY76QJ9ikBykJSo6Pqx0jihxw","0:16","Jan 9, 2024","ноги","https://www.youtube.com/shorts/xmeDjakRhOs","shorts","false"
"sport motivation #зож #здоровье #фитнес","sport motivation","https://www.youtube.com/watch?v=BKEZFXcjN_c","BKEZFXcjN_c","https://i.ytimg.com/vi/BKEZFXcjN_c/maxres2.jpg?sqp=-oaymwEoCIAKENAF8quKqQMcGADwAQH4Ac4FgAKACooCDAgAEAEYUiBcKGUwDw==&rs=AOn4CLAyP653ME7aKyqJkrh3gNG7_UDRRw","0:12","Apr 11, 2023","needs_review","https://www.youtube.com/shorts/BKEZFXcjN_c","shorts","false"
"sport motivation #фитнес #здоровье #зож #здоровоепитание #качалка","sport motivation","https://www.youtube.com/watch?v=HQMMxjMeqzo","HQMMxjMeqzo","https://i.ytimg.com/vi/HQMMxjMeqzo/maxres2.jpg?sqp=-oaymwEoCIAKENAF8quKqQMcGADwAQH4Ac4FgAKACooCDAgAEAEYZSBlKGUwDw==&rs=AOn4CLCOHuy9aOubiwdo-TEKX-jNukf6_g","1:00","Mar 5, 2023","needs_review","https://www.youtube.com/shorts/HQMMxjMeqzo","shorts","false"
"VR тренировки! #юмор #фитнес #похудение #упражнения #нутрициолог","VR тренировки!","https://www.youtube.com/watch?v=6caF2V_PyKw","6caF2V_PyKw","https://i.ytimg.com/vi/6caF2V_PyKw/maxres2.jpg?sqp=-oaymwEoCIAKENAF8quKqQMcGADwAQH4AbYIgAKAD4oCDAgAEAEYZSBeKE0wDw==&rs=AOn4CLCjut9aYqZ1FjvztvgHTh3lJibpkw","0:53","Sep 6, 2024","needs_review","https://www.youtube.com/shorts/6caF2V_PyKw","shorts","false"
