original_exercise_id;original_exercise_name;suggested_replacement_id;suggested_replacement_name;score;why_selected;why_it_may_be_wrong;duplicate_risk;same_normalized_base_name;same_didactic_pattern;same_technical_pattern;same_muscle_label;same_equipment;needs_manual_review
table_003;Выпады с гантелями, техника выполнения упражнения;prog_14506_175416_3;Выпады со штангой;221;Matched on movement pattern (выпад) and muscle group (ноги ягодицы). Same equipment.;"different_muscle_label; weak_pattern_match; different_equipment";false;false;false;false;false;false;true
table_003;Выпады с гантелями, техника выполнения упражнения;table_032;Выпады со штангой на ягодицы, техника выполнения упражнения;221;Matched on movement pattern (выпад) and muscle group (ноги ягодицы). Same equipment.;different_muscle_label;false;false;true;true;false;true;true
table_003;Выпады с гантелями, техника выполнения упражнения;prog_14506_175414_3;Выпады в кроссовере;191;Matched on movement pattern (выпад) and muscle group (ноги ягодицы). Same equipment.;different_muscle_label;false;false;true;true;false;true;true
table_003;Выпады с гантелями, техника выполнения упражнения;table_029;Выпады в смитте, техника выполнения упражнения;191;Matched on movement pattern (выпад) and muscle group (ноги ягодицы). Same equipment.;different_muscle_label;false;false;true;true;false;true;true
table_003;Выпады с гантелями, техника выполнения упражнения;prog_14519_175721_5;Болгарский присед;186;Matched on movement pattern (выпад) and muscle group (ноги ягодицы). Same equipment.;different_muscle_label;false;false;true;true;false;true;true
table_004;Вертикальная тяга узким хватом, техника выполнения упражнения;prog_14508_175463_2;Вертикальная тяга обратным хватом;291;Matched on movement pattern (вертикальная тяга) and muscle group (спина). Same equipment.;different_muscle_label;false;false;true;true;false;true;true
table_004;Вертикальная тяга узким хватом, техника выполнения упражнения;prog_14506_175419_3;Вертикальная тяга широким хватом;291;Matched on movement pattern (вертикальная тяга) and muscle group (спина). Same equipment.;"different_muscle_label; weak_pattern_match; different_equipment";false;false;false;false;false;false;true
table_004;Вертикальная тяга узким хватом, техника выполнения упражнения;table_127;Вертикальная тяга, техника выполнения упражнения;291;Matched on movement pattern (вертикальная тяга) and muscle group (спина). Same equipment.;;false;false;true;true;true;true;false
table_004;Вертикальная тяга узким хватом, техника выполнения упражнения;prog_14694_179733_2;Подтягивания в гравитроне обратным хватом;291;Matched on movement pattern (вертикальная тяга) and muscle group (спина). Same equipment.;different_muscle_label;false;false;true;true;false;true;true
table_004;Вертикальная тяга узким хватом, техника выполнения упражнения;prog_14506_175413_2;Подтягивания в гравитроне параллельным хватом;291;Matched on movement pattern (вертикальная тяга) and muscle group (спина). Same equipment.;different_muscle_label;false;false;true;true;false;true;true
table_005;Ягодичный мост в смитте, техника выполнения упражнения;prog_14506_175414_4;Ягодичный мост в тренажере;291;Matched on movement pattern (разгибание таза) and muscle group (ягодицы). Same equipment.;;false;false;true;true;true;true;false
table_005;Ягодичный мост в смитте, техника выполнения упражнения;table_116;Ягодичный мост на полу, техника выполнения упражнения;291;Matched on movement pattern (разгибание таза) and muscle group (ягодицы). Same equipment.;;false;false;true;true;true;true;false
table_005;Ягодичный мост в смитте, техника выполнения упражнения;prog_14507_175434_3;Ягодичный мост со штангой;286;Matched on movement pattern (разгибание таза) and muscle group (ягодицы). Same equipment.;;false;false;true;true;true;true;false
table_006;Вертикальная тяга обратным хватом, техника выполнения упражнения;prog_14508_175466_2;Вертикальная тяга узким хватом;291;Matched on movement pattern (вертикальная тяга) and muscle group (спина). Same equipment.;different_muscle_label;false;false;true;true;false;true;true
table_006;Вертикальная тяга обратным хватом, техника выполнения упражнения;prog_14506_175419_3;Вертикальная тяга широким хватом;291;Matched on movement pattern (вертикальная тяга) and muscle group (спина). Same equipment.;"different_muscle_label; weak_pattern_match; different_equipment";false;false;false;false;false;false;true
table_006;Вертикальная тяга обратным хватом, техника выполнения упражнения;table_127;Вертикальная тяга, техника выполнения упражнения;291;Matched on movement pattern (вертикальная тяга) and muscle group (спина). Same equipment.;different_muscle_label;false;false;true;true;false;true;true
table_006;Вертикальная тяга обратным хватом, техника выполнения упражнения;prog_14694_179733_2;Подтягивания в гравитроне обратным хватом;291;Matched on movement pattern (вертикальная тяга) and muscle group (спина). Same equipment.;;false;false;true;true;true;true;false
table_006;Вертикальная тяга обратным хватом, техника выполнения упражнения;prog_14506_175413_2;Подтягивания в гравитроне параллельным хватом;291;Matched on movement pattern (вертикальная тяга) and muscle group (спина). Same equipment.;;false;false;true;true;true;true;false
table_007;Сведение рук в кроссовере, техника выполнения упражнения;prog_14506_175418_2;Бабочка на большие грудные;291;Matched on movement pattern (сведение рук) and muscle group (грудь). Same equipment.;"different_muscle_label; weak_pattern_match; different_equipment";false;false;false;false;false;false;true
table_007;Сведение рук в кроссовере, техника выполнения упражнения;table_114;Бабочка на большие грудные мышцы, техника выполнения упражнения;291;Matched on movement pattern (сведение рук) and muscle group (грудь). Same equipment.;;false;false;true;true;true;true;false
table_007;Сведение рук в кроссовере, техника выполнения упражнения;prog_14500_175273_2;Сведение рук в кроссовере 10 раз;291;Matched on movement pattern (сведение рук) and muscle group (грудь). Same equipment.;duplicate_or_same_base_name;true;true;true;true;true;true;true
table_007;Сведение рук в кроссовере, техника выполнения упражнения;prog_14501_175296_2;Сведение рук в кроссовере на 30* скамье;291;Matched on movement pattern (сведение рук) and muscle group (грудь). Same equipment.;"different_muscle_label; weak_pattern_match; different_equipment";false;false;false;false;false;false;true
table_007;Сведение рук в кроссовере, техника выполнения упражнения;prog_14583_177306_3;Сведение рук в кроссовере на 30* скамье 10 раз;291;Matched on movement pattern (сведение рук) and muscle group (грудь). Same equipment.;"different_muscle_label; weak_pattern_match; different_equipment";false;false;false;false;false;false;true
table_008;Горизонтальная вытяжка в кроссовере, техника выполнения упражнения. (ЛФК для спины);prog_14641_178503_1;Вытяжка в гиперэкстензии;291;Matched on movement pattern (лфк вытяжка) and muscle group (спина лфк спины). Same equipment.;"different_muscle_label; weak_pattern_match; different_equipment";false;false;false;false;false;false;true
table_008;Горизонтальная вытяжка в кроссовере, техника выполнения упражнения. (ЛФК для спины);table_009;Вытяжка в гиперэкстензии, техника выполнения упражнения. (ЛФК для спины);291;Matched on movement pattern (лфк вытяжка) and muscle group (спина лфк спины). Same equipment.;;false;false;true;true;true;true;false
table_008;Горизонтальная вытяжка в кроссовере, техника выполнения упражнения. (ЛФК для спины);prog_14641_178505_2;Горизонтальная вытяжка в кроссовере;291;Matched on movement pattern (лфк вытяжка) and muscle group (спина лфк спины). Same equipment.;"different_muscle_label; weak_pattern_match; different_equipment";false;false;false;false;false;false;true
table_009;Вытяжка в гиперэкстензии, техника выполнения упражнения. (ЛФК для спины);prog_14641_178503_1;Вытяжка в гиперэкстензии;291;Matched on movement pattern (лфк вытяжка) and muscle group (спина лфк спины). Same equipment.;"different_muscle_label; weak_pattern_match; different_equipment";false;false;false;false;false;false;true
table_009;Вытяжка в гиперэкстензии, техника выполнения упражнения. (ЛФК для спины);prog_14641_178505_2;Горизонтальная вытяжка в кроссовере;291;Matched on movement pattern (лфк вытяжка) and muscle group (спина лфк спины). Same equipment.;"different_muscle_label; weak_pattern_match; different_equipment";false;false;false;false;false;false;true
table_009;Вытяжка в гиперэкстензии, техника выполнения упражнения. (ЛФК для спины);table_008;Горизонтальная вытяжка в кроссовере, техника выполнения упражнения. (ЛФК для спины);291;Matched on movement pattern (лфк вытяжка) and muscle group (спина лфк спины). Same equipment.;;false;false;true;true;true;true;false
table_011;Жим в смитте, техника выполнения упражнения;prog_14508_175462_2;Жим гантелей лежа;291;Matched on movement pattern (горизонтальный жим) and muscle group (грудь). Same equipment.;;false;false;true;true;true;true;false
table_011;Жим в смитте, техника выполнения упражнения;prog_14508_175465_1;Жим гантелей лёжа на скамье 30*;291;Matched on movement pattern (горизонтальный жим) and muscle group (грудь). Same equipment.;"different_muscle_label; weak_pattern_match; different_equipment";false;false;false;false;false;false;true
table_011;Жим в смитте, техника выполнения упражнения;table_150;Жим с паузой, техника выполнения упражнения;291;Matched on movement pattern (горизонтальный жим) and muscle group (грудь). Same equipment.;;false;false;true;true;true;true;false
table_011;Жим в смитте, техника выполнения упражнения;table_023;Классический жим от груди в тренажёре, техника выполнения упражнения;291;Matched on movement pattern (горизонтальный жим) and muscle group (грудь). Same equipment.;;false;false;true;true;true;true;false
table_011;Жим в смитте, техника выполнения упражнения;table_126;Отжимания в тренажёре смитта, техника выполнения упражнения;291;Matched on movement pattern (горизонтальный жим) and muscle group (грудь). Same equipment.;;false;false;true;true;true;true;false
table_012;Зашагивания на тумбу, техника выполнения упражнения;prog_14525_175896_3;Зашагивания на тумбу 10 раз;291;Matched on movement pattern (зашагивание) and muscle group (ноги ягодицы). Same equipment.;duplicate_or_same_base_name;true;true;true;true;true;true;true
table_012;Зашагивания на тумбу, техника выполнения упражнения;prog_14699_179889_3;Зашагивания на тумбу 12 раз;291;Matched on movement pattern (зашагивание) and muscle group (ноги ягодицы). Same equipment.;duplicate_or_same_base_name;true;true;true;true;true;true;true
table_012;Зашагивания на тумбу, техника выполнения упражнения;prog_14591_177548_5;Зашагивания на тумбу 15 раз;291;Matched on movement pattern (зашагивание) and muscle group (ноги ягодицы). Same equipment.;duplicate_or_same_base_name;true;true;true;true;true;true;true
table_012;Зашагивания на тумбу, техника выполнения упражнения;prog_14646_178621_5;Зашагивания на тумбу 8 раз;291;Matched on movement pattern (зашагивание) and muscle group (ноги ягодицы). Same equipment.;duplicate_or_same_base_name;true;true;true;true;true;true;true
table_012;Зашагивания на тумбу, техника выполнения упражнения;prog_14517_175679_3;Латеральные или боковые зашагивания;191;Matched on movement pattern (зашагивание) and muscle group (ноги бицепс бедра). Same equipment.;different_muscle_label;false;false;true;true;false;true;true
table_013;Выпады в кроссовере, техника выполнения упражнения;table_029;Выпады в смитте, техника выполнения упражнения;291;Matched on movement pattern (выпад) and muscle group (ноги ягодицы). Same equipment.;;false;false;true;true;true;true;false
table_013;Выпады в кроссовере, техника выполнения упражнения;prog_14519_175721_5;Болгарский присед;286;Matched on movement pattern (выпад) and muscle group (ноги ягодицы). Same equipment.;;false;false;true;true;true;true;false
table_013;Выпады в кроссовере, техника выполнения упражнения;prog_14506_175416_3;Выпады со штангой;286;Matched on movement pattern (выпад) and muscle group (ноги ягодицы). Same equipment.;"different_muscle_label; weak_pattern_match; different_equipment";false;false;false;false;false;false;true
table_013;Выпады в кроссовере, техника выполнения упражнения;table_032;Выпады со штангой на ягодицы, техника выполнения упражнения;286;Matched on movement pattern (выпад) and muscle group (ноги ягодицы). Same equipment.;different_muscle_label;false;false;true;true;false;true;true
table_013;Выпады в кроссовере, техника выполнения упражнения;prog_14508_175446_2;Выпады с гантелями;191;Matched on movement pattern (выпад) and muscle group (ноги). Same equipment.;different_muscle_label;false;false;true;true;false;true;true
table_014;Си-си присед с собственным весом, техника выполнения упражнения;prog_14673_179304_5;Си-си присед с собственным весом 10 раз;291;Matched on movement pattern (приседание) and muscle group (ноги квадрицепс). Same equipment.;duplicate_or_same_base_name;true;true;true;true;true;true;true
table_014;Си-си присед с собственным весом, техника выполнения упражнения;prog_14674_179334_2;Гак присед;226;Matched on movement pattern (приседание) and muscle group (ноги). Same equipment.;;false;false;true;true;true;true;false
table_014;Си-си присед с собственным весом, техника выполнения упражнения;prog_14523_175813_1;Обратный гак присед;226;Matched on movement pattern (приседание) and muscle group (ноги). Same equipment.;different_muscle_label;false;false;true;true;false;true;true
table_014;Си-си присед с собственным весом, техника выполнения упражнения;prog_14672_179290_5;Плеометрический гак присед;226;Matched on movement pattern (приседание) and muscle group (ноги). Same equipment.;"different_muscle_label; weak_pattern_match; different_equipment";false;false;false;false;false;false;true
table_014;Си-си присед с собственным весом, техника выполнения упражнения;table_111;Присед с точкой опоры, техника выполнения упражнения;226;Matched on movement pattern (приседание) and muscle group (ноги). Same equipment.;different_muscle_label;false;false;true;true;false;true;true
table_015;Жим в хаммере на низ груди, техника выполнения упражнения;prog_14687_179633_1;Жим в смитте;256;Matched on movement pattern (горизонтальный жим) and muscle group (грудь). Same equipment.;different_muscle_label;false;false;true;true;false;true;true
table_015;Жим в хаммере на низ груди, техника выполнения упражнения;prog_14508_175462_2;Жим гантелей лежа;256;Matched on movement pattern (горизонтальный жим) and muscle group (грудь). Same equipment.;different_muscle_label;false;false;true;true;false;true;true
table_015;Жим в хаммере на низ груди, техника выполнения упражнения;prog_14508_175465_1;Жим гантелей лёжа на скамье 30*;256;Matched on movement pattern (горизонтальный жим) and muscle group (грудь). Same equipment.;"different_muscle_label; weak_pattern_match; different_equipment";false;false;false;false;false;false;true
table_015;Жим в хаммере на низ груди, техника выполнения упражнения;table_150;Жим с паузой, техника выполнения упражнения;256;Matched on movement pattern (горизонтальный жим) and muscle group (грудь). Same equipment.;different_muscle_label;false;false;true;true;false;true;true
table_015;Жим в хаммере на низ груди, техника выполнения упражнения;table_023;Классический жим от груди в тренажёре, техника выполнения упражнения;256;Matched on movement pattern (горизонтальный жим) and muscle group (грудь). Same equipment.;different_muscle_label;false;false;true;true;false;true;true
table_016;Сгибание ног сидя, техника выполнения упражнения;prog_14506_175417_3;Сгибание ног лежа;291;Matched on movement pattern (сгибание ног) and muscle group (ноги бицепс бедра). Same equipment.;;false;false;true;true;true;true;false
table_016;Сгибание ног сидя, техника выполнения упражнения;prog_14681_179486_5;Сгибание ног лежа 15 раз;291;Matched on movement pattern (сгибание ног) and muscle group (ноги бицепс бедра). Same equipment.;;false;false;true;true;true;true;false
table_016;Сгибание ног сидя, техника выполнения упражнения;prog_14506_175415_3;Сгибание лежа по 1 ноге;286;Matched on movement pattern (сгибание ног) and muscle group (ноги бицепс бедра). Same equipment.;;false;false;true;true;true;true;false
table_016;Сгибание ног сидя, техника выполнения упражнения;prog_14651_178744_5;Си-си присед на бицепс бедра;286;Matched on movement pattern (сгибание ног) and muscle group (ноги бицепс бедра). Same equipment.;"different_muscle_label; weak_pattern_match; different_equipment";false;false;false;false;false;false;true
table_016;Сгибание ног сидя, техника выполнения упражнения;table_018;Си-си присед на бицепс бедра в смите, техника выполнения упражнения;286;Matched on movement pattern (сгибание ног) and muscle group (ноги бицепс бедра). Same equipment.;;false;false;true;true;true;true;false
table_017;Изодинамический жим гантелей на 30* скамье, техника выполнения упражнения;prog_14639_178461_3;Гильотина;291;Matched on movement pattern (горизонтальный жим) and muscle group (грудь). Same equipment.;;false;false;true;true;true;true;false
table_017;Изодинамический жим гантелей на 30* скамье, техника выполнения упражнения;table_027;Жим в хаммере на верх груди, техника выполнения упражнения;291;Matched on movement pattern (горизонтальный жим) and muscle group (грудь). Same equipment.;;false;false;true;true;true;true;false
table_017;Изодинамический жим гантелей на 30* скамье, техника выполнения упражнения;table_048;Жим гантелей на 30* скамье, техника выполнения упражнения;291;Matched on movement pattern (горизонтальный жим) and muscle group (грудь). Same equipment.;;false;false;true;true;true;true;false
table_017;Изодинамический жим гантелей на 30* скамье, техника выполнения упражнения;prog_14503_175330_2;Суперсет на верх груди в смитте;291;Matched on movement pattern (горизонтальный жим) and muscle group (грудь). Same equipment.;;false;false;true;true;true;true;false
table_017;Изодинамический жим гантелей на 30* скамье, техника выполнения упражнения;prog_14477_174879_1;Жим штанги под углом;286;Matched on movement pattern (горизонтальный жим) and muscle group (грудь). Same equipment.;;false;false;true;true;true;true;false
table_018;Си-си присед на бицепс бедра в смите, техника выполнения упражнения;prog_14651_178744_5;Си-си присед на бицепс бедра;291;Matched on movement pattern (сгибание ног) and muscle group (ноги бицепс бедра). Same equipment.;"different_muscle_label; weak_pattern_match; different_equipment";false;false;false;false;false;false;true
table_018;Си-си присед на бицепс бедра в смите, техника выполнения упражнения;prog_14506_175417_3;Сгибание ног лежа;286;Matched on movement pattern (сгибание ног) and muscle group (ноги бицепс бедра). Same equipment.;;false;false;true;true;true;true;false
table_018;Си-си присед на бицепс бедра в смите, техника выполнения упражнения;prog_14681_179486_5;Сгибание ног лежа 15 раз;286;Matched on movement pattern (сгибание ног) and muscle group (ноги бицепс бедра). Same equipment.;;false;false;true;true;true;true;false
table_018;Си-си присед на бицепс бедра в смите, техника выполнения упражнения;prog_14506_175413_3;Сгибание ног сидя;286;Matched on movement pattern (сгибание ног) and muscle group (ноги бицепс бедра). Same equipment.;;false;false;true;true;true;true;false
table_018;Си-си присед на бицепс бедра в смите, техника выполнения упражнения;prog_14506_175415_3;Сгибание лежа по 1 ноге;281;Matched on movement pattern (сгибание ног) and muscle group (ноги бицепс бедра). Same equipment.;;false;false;true;true;true;true;false
table_019;Сведение рук в кроссовере на 30-градусной скамье, техника выполнения упражнения;prog_14506_175418_2;Бабочка на большие грудные;211;Matched on movement pattern (сведение рук) and muscle group (грудь). Same equipment.;"different_muscle_label; weak_pattern_match; different_equipment";false;false;false;false;false;false;true
table_019;Сведение рук в кроссовере на 30-градусной скамье, техника выполнения упражнения;table_114;Бабочка на большие грудные мышцы, техника выполнения упражнения;211;Matched on movement pattern (сведение рук) and muscle group (грудь). Same equipment.;different_muscle_label;false;false;true;true;false;true;true
table_019;Сведение рук в кроссовере на 30-градусной скамье, техника выполнения упражнения;table_031;Жим Свенда в кроссовере, техника выполнения упражнения;211;Matched on movement pattern (сведение рук) and muscle group (грудь). Same equipment.;different_muscle_label;false;false;true;true;false;true;true
table_019;Сведение рук в кроссовере на 30-градусной скамье, техника выполнения упражнения;prog_14523_175811_3;Сведение рук в кроссовере;211;Matched on movement pattern (сведение рук) and muscle group (грудь). Same equipment.;different_muscle_label;false;false;true;true;false;true;true
table_019;Сведение рук в кроссовере на 30-градусной скамье, техника выполнения упражнения;prog_14500_175273_2;Сведение рук в кроссовере 10 раз;211;Matched on movement pattern (сведение рук) and muscle group (грудь). Same equipment.;different_muscle_label;false;false;true;true;false;true;true
table_021;Дуговая разводка, техника выполнения упражнения;table_125;Раводка под 15*, техника выполнения упражнения;211;Matched on movement pattern (разведение рук) and muscle group (грудь). Same equipment.;different_muscle_label;false;false;true;true;false;true;true
table_022;Сведение рук в кроссовере на горизонтальной скамье;table_031;Жим Свенда в кроссовере, техника выполнения упражнения;256;Matched on movement pattern (сведение рук) and muscle group (грудь). Same equipment.;different_muscle_label;false;false;true;true;false;true;true
table_022;Сведение рук в кроссовере на горизонтальной скамье;prog_14506_175418_2;Бабочка на большие грудные;211;Matched on movement pattern (сведение рук) and muscle group (грудь). Same equipment.;"different_muscle_label; weak_pattern_match; different_equipment";false;false;false;false;false;false;true
table_022;Сведение рук в кроссовере на горизонтальной скамье;table_114;Бабочка на большие грудные мышцы, техника выполнения упражнения;211;Matched on movement pattern (сведение рук) and muscle group (грудь). Same equipment.;different_muscle_label;false;false;true;true;false;true;true
table_022;Сведение рук в кроссовере на горизонтальной скамье;prog_14523_175811_3;Сведение рук в кроссовере;211;Matched on movement pattern (сведение рук) and muscle group (грудь). Same equipment.;different_muscle_label;false;false;true;true;false;true;true
table_022;Сведение рук в кроссовере на горизонтальной скамье;prog_14500_175273_2;Сведение рук в кроссовере 10 раз;211;Matched on movement pattern (сведение рук) and muscle group (грудь). Same equipment.;different_muscle_label;false;false;true;true;false;true;true
table_023;Классический жим от груди в тренажёре, техника выполнения упражнения;prog_14687_179633_1;Жим в смитте;291;Matched on movement pattern (горизонтальный жим) and muscle group (грудь). Same equipment.;;false;false;true;true;true;true;false
table_023;Классический жим от груди в тренажёре, техника выполнения упражнения;prog_14508_175462_2;Жим гантелей лежа;291;Matched on movement pattern (горизонтальный жим) and muscle group (грудь). Same equipment.;;false;false;true;true;true;true;false
table_023;Классический жим от груди в тренажёре, техника выполнения упражнения;prog_14508_175465_1;Жим гантелей лёжа на скамье 30*;291;Matched on movement pattern (горизонтальный жим) and muscle group (грудь). Same equipment.;"different_muscle_label; weak_pattern_match; different_equipment";false;false;false;false;false;false;true
table_023;Классический жим от груди в тренажёре, техника выполнения упражнения;table_150;Жим с паузой, техника выполнения упражнения;291;Matched on movement pattern (горизонтальный жим) and muscle group (грудь). Same equipment.;;false;false;true;true;true;true;false
table_023;Классический жим от груди в тренажёре, техника выполнения упражнения;table_126;Отжимания в тренажёре смитта, техника выполнения упражнения;291;Matched on movement pattern (горизонтальный жим) and muscle group (грудь). Same equipment.;;false;false;true;true;true;true;false
table_024;Жим ногами на бицепс бедра;prog_14611_177991_5;Жим ногами с широкой постановкой ног;191;Matched on movement pattern (жим ногами) and muscle group (ноги). Same equipment.;different_muscle_label;false;false;true;true;false;true;true
table_024;Жим ногами на бицепс бедра;table_025;Жим платформы по 1 ноге, техника выполнения упражнения;186;Matched on movement pattern (жим ногами) and muscle group (ноги). Same equipment.;different_muscle_label;false;false;true;true;false;true;true
table_025;Жим платформы по 1 ноге, техника выполнения упражнения;prog_14611_177987_5;Горизонтальный жим ногами;286;Matched on movement pattern (жим ногами) and muscle group (ноги). Same equipment.;different_muscle_label;false;false;true;true;false;true;true
table_025;Жим платформы по 1 ноге, техника выполнения упражнения;prog_14641_178506_4;Жим ногами;286;Matched on movement pattern (жим ногами) and muscle group (ноги). Same equipment.;different_muscle_label;false;false;true;true;false;true;true
table_025;Жим платформы по 1 ноге, техника выполнения упражнения;prog_14519_175720_5;Жим ногами на бицеп бедра;286;Matched on movement pattern (жим ногами) and muscle group (ноги). Same equipment.;"different_muscle_label; weak_pattern_match; different_equipment";false;false;false;false;false;false;true
table_025;Жим платформы по 1 ноге, техника выполнения упражнения;prog_14650_178707_5;Жим ногами с параллельной постановкой ног;286;Matched on movement pattern (жим ногами) and muscle group (ноги). Same equipment.;different_muscle_label;false;false;true;true;false;true;true
table_025;Жим платформы по 1 ноге, техника выполнения упражнения;prog_14611_177991_5;Жим ногами с широкой постановкой ног;251;Matched on movement pattern (жим ногами) and muscle group (ноги). Same equipment.;different_muscle_label;false;false;true;true;false;true;true
table_026;Приседания в смите, техника выполнения упражнения;prog_14674_179334_2;Гак присед;291;Matched on movement pattern (приседание) and muscle group (ноги). Same equipment.;different_muscle_label;false;false;true;true;false;true;true
table_026;Приседания в смите, техника выполнения упражнения;prog_14672_179290_5;Плеометрический гак присед;291;Matched on movement pattern (приседание) and muscle group (ноги). Same equipment.;"different_muscle_label; weak_pattern_match; different_equipment";false;false;false;false;false;false;true
table_026;Приседания в смите, техника выполнения упражнения;table_111;Присед с точкой опоры, техника выполнения упражнения;291;Matched on movement pattern (приседание) and muscle group (ноги). Same equipment.;;false;false;true;true;true;true;false
table_026;Приседания в смите, техника выполнения упражнения;table_124;Приседание в кроссовере, техника выполнения упражнения;291;Matched on movement pattern (приседание) and muscle group (ноги). Same equipment.;;false;false;true;true;true;true;false
table_026;Приседания в смите, техника выполнения упражнения;table_146;Приседания с паузой, техника выполнения упражнений;291;Matched on movement pattern (приседание) and muscle group (ноги). Same equipment.;;false;false;true;true;true;true;false
table_027;Жим в хаммере на верх груди, техника выполнения упражнения;prog_14639_178461_3;Гильотина;291;Matched on movement pattern (горизонтальный жим) and muscle group (грудь). Same equipment.;;false;false;true;true;true;true;false
table_027;Жим в хаммере на верх груди, техника выполнения упражнения;table_048;Жим гантелей на 30* скамье, техника выполнения упражнения;291;Matched on movement pattern (горизонтальный жим) and muscle group (грудь). Same equipment.;;false;false;true;true;true;true;false
table_027;Жим в хаммере на верх груди, техника выполнения упражнения;prog_14518_175697_1;Изодинамический жим гантелей на 30* скамье;291;Matched on movement pattern (горизонтальный жим) and muscle group (грудь). Same equipment.;;false;false;true;true;true;true;false
table_027;Жим в хаммере на верх груди, техника выполнения упражнения;prog_14503_175330_2;Суперсет на верх груди в смитте;291;Matched on movement pattern (горизонтальный жим) and muscle group (грудь). Same equipment.;;false;false;true;true;true;true;false
table_027;Жим в хаммере на верх груди, техника выполнения упражнения;prog_14477_174879_1;Жим штанги под углом;286;Matched on movement pattern (горизонтальный жим) and muscle group (грудь). Same equipment.;;false;false;true;true;true;true;false
table_028;Жим ногами, техника выполнения упражнения;prog_14611_177987_5;Горизонтальный жим ногами;291;Matched on movement pattern (жим ногами) and muscle group (ноги). Same equipment.;;false;false;true;true;true;true;false
table_028;Жим ногами, техника выполнения упражнения;prog_14519_175720_5;Жим ногами на бицеп бедра;291;Matched on movement pattern (жим ногами) and muscle group (ноги). Same equipment.;"different_muscle_label; weak_pattern_match; different_equipment";false;false;false;false;false;false;true
table_028;Жим ногами, техника выполнения упражнения;prog_14650_178707_5;Жим ногами с параллельной постановкой ног;291;Matched on movement pattern (жим ногами) and muscle group (ноги). Same equipment.;;false;false;true;true;true;true;false
table_028;Жим ногами, техника выполнения упражнения;table_025;Жим платформы по 1 ноге, техника выполнения упражнения;286;Matched on movement pattern (жим ногами) and muscle group (ноги). Same equipment.;different_muscle_label;false;false;true;true;false;true;true
table_028;Жим ногами, техника выполнения упражнения;prog_14611_177991_5;Жим ногами с широкой постановкой ног;211;Matched on movement pattern (жим ногами) and muscle group (ноги). Same equipment.;different_muscle_label;false;false;true;true;false;true;true
table_029;Выпады в смитте, техника выполнения упражнения;prog_14506_175414_3;Выпады в кроссовере;291;Matched on movement pattern (выпад) and muscle group (ноги ягодицы). Same equipment.;;false;false;true;true;true;true;false
table_029;Выпады в смитте, техника выполнения упражнения;prog_14519_175721_5;Болгарский присед;286;Matched on movement pattern (выпад) and muscle group (ноги ягодицы). Same equipment.;;false;false;true;true;true;true;false
table_029;Выпады в смитте, техника выполнения упражнения;prog_14506_175416_3;Выпады со штангой;286;Matched on movement pattern (выпад) and muscle group (ноги ягодицы). Same equipment.;"different_muscle_label; weak_pattern_match; different_equipment";false;false;false;false;false;false;true
table_029;Выпады в смитте, техника выполнения упражнения;table_032;Выпады со штангой на ягодицы, техника выполнения упражнения;286;Matched on movement pattern (выпад) and muscle group (ноги ягодицы). Same equipment.;different_muscle_label;false;false;true;true;false;true;true
table_029;Выпады в смитте, техника выполнения упражнения;prog_14508_175446_2;Выпады с гантелями;191;Matched on movement pattern (выпад) and muscle group (ноги). Same equipment.;different_muscle_label;false;false;true;true;false;true;true
table_030;Си-си приседания на переднюю поверхность бедра;prog_14674_179334_2;Гак присед;291;Matched on movement pattern (приседание) and muscle group (ноги). Same equipment.;;false;false;true;true;true;true;false
table_030;Си-си приседания на переднюю поверхность бедра;prog_14523_175813_1;Обратный гак присед;291;Matched on movement pattern (приседание) and muscle group (ноги). Same equipment.;different_muscle_label;false;false;true;true;false;true;true
table_030;Си-си приседания на переднюю поверхность бедра;prog_14672_179290_5;Плеометрический гак присед;291;Matched on movement pattern (приседание) and muscle group (ноги). Same equipment.;"different_muscle_label; weak_pattern_match; different_equipment";false;false;false;false;false;false;true
table_030;Си-си приседания на переднюю поверхность бедра;table_111;Присед с точкой опоры, техника выполнения упражнения;291;Matched on movement pattern (приседание) and muscle group (ноги). Same equipment.;different_muscle_label;false;false;true;true;false;true;true
table_030;Си-си приседания на переднюю поверхность бедра;table_124;Приседание в кроссовере, техника выполнения упражнения;291;Matched on movement pattern (приседание) and muscle group (ноги). Same equipment.;different_muscle_label;false;false;true;true;false;true;true
table_031;Жим Свенда в кроссовере, техника выполнения упражнения;prog_14505_175399_3;Сведение рук в кроссовере на горизонтальной скамье;256;Matched on movement pattern (сведение рук) and muscle group (грудь). Same equipment.;different_muscle_label;false;false;true;true;false;true;true
table_031;Жим Свенда в кроссовере, техника выполнения упражнения;prog_14506_175418_2;Бабочка на большие грудные;211;Matched on movement pattern (сведение рук) and muscle group (грудь). Same equipment.;"different_muscle_label; weak_pattern_match; different_equipment";false;false;false;false;false;false;true
table_031;Жим Свенда в кроссовере, техника выполнения упражнения;table_114;Бабочка на большие грудные мышцы, техника выполнения упражнения;211;Matched on movement pattern (сведение рук) and muscle group (грудь). Same equipment.;different_muscle_label;false;false;true;true;false;true;true
table_031;Жим Свенда в кроссовере, техника выполнения упражнения;prog_14523_175811_3;Сведение рук в кроссовере;211;Matched on movement pattern (сведение рук) and muscle group (грудь). Same equipment.;different_muscle_label;false;false;true;true;false;true;true
table_031;Жим Свенда в кроссовере, техника выполнения упражнения;prog_14500_175273_2;Сведение рук в кроссовере 10 раз;211;Matched on movement pattern (сведение рук) and muscle group (грудь). Same equipment.;different_muscle_label;false;false;true;true;false;true;true
table_032;Выпады со штангой на ягодицы, техника выполнения упражнения;prog_14519_175721_5;Болгарский присед;291;Matched on movement pattern (выпад) and muscle group (ноги ягодицы). Same equipment.;different_muscle_label;false;false;true;true;false;true;true
table_032;Выпады со штангой на ягодицы, техника выполнения упражнения;prog_14506_175416_3;Выпады со штангой;291;Matched on movement pattern (выпад) and muscle group (ноги ягодицы). Same equipment.;"different_muscle_label; weak_pattern_match; different_equipment";false;false;false;false;false;false;true
table_032;Выпады со штангой на ягодицы, техника выполнения упражнения;prog_14506_175414_3;Выпады в кроссовере;286;Matched on movement pattern (выпад) and muscle group (ноги ягодицы). Same equipment.;different_muscle_label;false;false;true;true;false;true;true
table_032;Выпады со штангой на ягодицы, техника выполнения упражнения;table_029;Выпады в смитте, техника выполнения упражнения;286;Matched on movement pattern (выпад) and muscle group (ноги ягодицы). Same equipment.;different_muscle_label;false;false;true;true;false;true;true
table_032;Выпады со штангой на ягодицы, техника выполнения упражнения;prog_14508_175446_2;Выпады с гантелями;221;Matched on movement pattern (выпад) and muscle group (ноги). Same equipment.;different_muscle_label;false;false;true;true;false;true;true
table_033;Жим ногами с параллельной постановкой ног, техника выполнения упражнения;prog_14611_177987_5;Горизонтальный жим ногами;291;Matched on movement pattern (жим ногами) and muscle group (ноги). Same equipment.;;false;false;true;true;true;true;false
table_033;Жим ногами с параллельной постановкой ног, техника выполнения упражнения;prog_14641_178506_4;Жим ногами;291;Matched on movement pattern (жим ногами) and muscle group (ноги). Same equipment.;;false;false;true;true;true;true;false
table_033;Жим ногами с параллельной постановкой ног, техника выполнения упражнения;prog_14519_175720_5;Жим ногами на бицеп бедра;291;Matched on movement pattern (жим ногами) and muscle group (ноги). Same equipment.;"different_muscle_label; weak_pattern_match; different_equipment";false;false;false;false;false;false;true
table_033;Жим ногами с параллельной постановкой ног, техника выполнения упражнения;table_025;Жим платформы по 1 ноге, техника выполнения упражнения;286;Matched on movement pattern (жим ногами) and muscle group (ноги). Same equipment.;different_muscle_label;false;false;true;true;false;true;true
table_033;Жим ногами с параллельной постановкой ног, техника выполнения упражнения;prog_14611_177991_5;Жим ногами с широкой постановкой ног;211;Matched on movement pattern (жим ногами) and muscle group (ноги). Same equipment.;different_muscle_label;false;false;true;true;false;true;true
table_034;Сгибание лежа по 1 ноге, техника выполнения упражнения;prog_14506_175417_3;Сгибание ног лежа;286;Matched on movement pattern (сгибание ног) and muscle group (ноги бицепс бедра). Same equipment.;;false;false;true;true;true;true;false
table_034;Сгибание лежа по 1 ноге, техника выполнения упражнения;prog_14681_179486_5;Сгибание ног лежа 15 раз;286;Matched on movement pattern (сгибание ног) and muscle group (ноги бицепс бедра). Same equipment.;;false;false;true;true;true;true;false
table_034;Сгибание лежа по 1 ноге, техника выполнения упражнения;prog_14506_175413_3;Сгибание ног сидя;286;Matched on movement pattern (сгибание ног) and muscle group (ноги бицепс бедра). Same equipment.;;false;false;true;true;true;true;false
table_034;Сгибание лежа по 1 ноге, техника выполнения упражнения;prog_14651_178744_5;Си-си присед на бицепс бедра;281;Matched on movement pattern (сгибание ног) and muscle group (ноги бицепс бедра). Same equipment.;"different_muscle_label; weak_pattern_match; different_equipment";false;false;false;false;false;false;true
table_034;Сгибание лежа по 1 ноге, техника выполнения упражнения;table_018;Си-си присед на бицепс бедра в смите, техника выполнения упражнения;281;Matched on movement pattern (сгибание ног) and muscle group (ноги бицепс бедра). Same equipment.;;false;false;true;true;true;true;false
table_035;Жим ногами с широкой постановкой ног, техника выполнения упражнения;table_025;Жим платформы по 1 ноге, техника выполнения упражнения;251;Matched on movement pattern (жим ногами) and muscle group (ноги). Same equipment.;different_muscle_label;false;false;true;true;false;true;true
table_035;Жим ногами с широкой постановкой ног, техника выполнения упражнения;prog_14611_177987_5;Горизонтальный жим ногами;211;Matched on movement pattern (жим ногами) and muscle group (ноги). Same equipment.;different_muscle_label;false;false;true;true;false;true;true
table_035;Жим ногами с широкой постановкой ног, техника выполнения упражнения;prog_14641_178506_4;Жим ногами;211;Matched on movement pattern (жим ногами) and muscle group (ноги). Same equipment.;different_muscle_label;false;false;true;true;false;true;true
table_035;Жим ногами с широкой постановкой ног, техника выполнения упражнения;prog_14519_175720_5;Жим ногами на бицеп бедра;211;Matched on movement pattern (жим ногами) and muscle group (ноги). Same equipment.;"different_muscle_label; weak_pattern_match; different_equipment";false;false;false;false;false;false;true
table_035;Жим ногами с широкой постановкой ног, техника выполнения упражнения;prog_14650_178707_5;Жим ногами с параллельной постановкой ног;211;Matched on movement pattern (жим ногами) and muscle group (ноги). Same equipment.;different_muscle_label;false;false;true;true;false;true;true
table_036;Латеральные или боковые зашагивания, техника выполнения упражнения;prog_14525_175896_2;Латеральные или боковые зашагивания 10 раз;291;Matched on movement pattern (зашагивание) and muscle group (ноги бицепс бедра). Same equipment.;duplicate_or_same_base_name;true;true;true;true;true;true;true
table_036;Латеральные или боковые зашагивания, техника выполнения упражнения;prog_14699_179889_4;Латеральные или боковые зашагивания 12 раз;291;Matched on movement pattern (зашагивание) and muscle group (ноги бицепс бедра). Same equipment.;duplicate_or_same_base_name;true;true;true;true;true;true;true
table_036;Латеральные или боковые зашагивания, техника выполнения упражнения;prog_14591_177548_4;Латеральные или боковые зашагивания 15 раз;291;Matched on movement pattern (зашагивание) and muscle group (ноги бицепс бедра). Same equipment.;duplicate_or_same_base_name;true;true;true;true;true;true;true
table_036;Латеральные или боковые зашагивания, техника выполнения упражнения;prog_14646_178621_6;Латеральные или боковые зашагивания 8 раз;291;Matched on movement pattern (зашагивание) and muscle group (ноги бицепс бедра). Same equipment.;duplicate_or_same_base_name;true;true;true;true;true;true;true
table_036;Латеральные или боковые зашагивания, техника выполнения упражнения;prog_14517_175670_2;Зашагивания на тумбу;191;Matched on movement pattern (зашагивание) and muscle group (ноги ягодицы). Same equipment.;different_muscle_label;false;false;true;true;false;true;true
table_037;Сгибание ног лёжа, техника выполнения упражнения;prog_14681_179486_5;Сгибание ног лежа 15 раз;291;Matched on movement pattern (сгибание ног) and muscle group (ноги бицепс бедра). Same equipment.;duplicate_or_same_base_name;true;true;true;true;true;true;true
table_037;Сгибание ног лёжа, техника выполнения упражнения;prog_14506_175413_3;Сгибание ног сидя;291;Matched on movement pattern (сгибание ног) and muscle group (ноги бицепс бедра). Same equipment.;;false;false;true;true;true;true;false
table_037;Сгибание ног лёжа, техника выполнения упражнения;prog_14506_175415_3;Сгибание лежа по 1 ноге;286;Matched on movement pattern (сгибание ног) and muscle group (ноги бицепс бедра). Same equipment.;;false;false;true;true;true;true;false
table_037;Сгибание ног лёжа, техника выполнения упражнения;prog_14651_178744_5;Си-си присед на бицепс бедра;286;Matched on movement pattern (сгибание ног) and muscle group (ноги бицепс бедра). Same equipment.;"different_muscle_label; weak_pattern_match; different_equipment";false;false;false;false;false;false;true
table_037;Сгибание ног лёжа, техника выполнения упражнения;table_018;Си-си присед на бицепс бедра в смите, техника выполнения упражнения;286;Matched on movement pattern (сгибание ног) and muscle group (ноги бицепс бедра). Same equipment.;;false;false;true;true;true;true;false
table_038;Фронтальные приседания, техника выполнения упражнения;prog_14674_179334_2;Гак присед;291;Matched on movement pattern (приседание) and muscle group (ноги). Same equipment.;;false;false;true;true;true;true;false
table_038;Фронтальные приседания, техника выполнения упражнения;prog_14523_175813_1;Обратный гак присед;291;Matched on movement pattern (приседание) and muscle group (ноги). Same equipment.;different_muscle_label;false;false;true;true;false;true;true
table_038;Фронтальные приседания, техника выполнения упражнения;prog_14672_179290_5;Плеометрический гак присед;291;Matched on movement pattern (приседание) and muscle group (ноги). Same equipment.;"different_muscle_label; weak_pattern_match; different_equipment";false;false;false;false;false;false;true
table_038;Фронтальные приседания, техника выполнения упражнения;table_111;Присед с точкой опоры, техника выполнения упражнения;291;Matched on movement pattern (приседание) and muscle group (ноги). Same equipment.;different_muscle_label;false;false;true;true;false;true;true
table_038;Фронтальные приседания, техника выполнения упражнения;table_124;Приседание в кроссовере, техника выполнения упражнения;291;Matched on movement pattern (приседание) and muscle group (ноги). Same equipment.;different_muscle_label;false;false;true;true;false;true;true
table_039;Плеометрический ГАК, техника выполнения упражнения;prog_14674_179334_2;Гак присед;286;Matched on movement pattern (приседание) and muscle group (ноги). Same equipment.;;false;false;true;true;true;true;false
table_039;Плеометрический ГАК, техника выполнения упражнения;prog_14523_175813_1;Обратный гак присед;286;Matched on movement pattern (приседание) and muscle group (ноги). Same equipment.;different_muscle_label;false;false;true;true;false;true;true
table_039;Плеометрический ГАК, техника выполнения упражнения;prog_14672_179290_5;Плеометрический гак присед;286;Matched on movement pattern (приседание) and muscle group (ноги). Same equipment.;"different_muscle_label; weak_pattern_match; different_equipment";false;false;false;false;false;false;true
table_039;Плеометрический ГАК, техника выполнения упражнения;table_111;Присед с точкой опоры, техника выполнения упражнения;286;Matched on movement pattern (приседание) and muscle group (ноги). Same equipment.;different_muscle_label;false;false;true;true;false;true;true
table_039;Плеометрический ГАК, техника выполнения упражнения;table_124;Приседание в кроссовере, техника выполнения упражнения;286;Matched on movement pattern (приседание) and muscle group (ноги). Same equipment.;different_muscle_label;false;false;true;true;false;true;true
table_040;Гак присед, техника выполнения упражнения;prog_14523_175813_1;Обратный гак присед;291;Matched on movement pattern (приседание) and muscle group (ноги). Same equipment.;different_muscle_label;false;false;true;true;false;true;true
table_040;Гак присед, техника выполнения упражнения;prog_14672_179290_5;Плеометрический гак присед;291;Matched on movement pattern (приседание) and muscle group (ноги). Same equipment.;"different_muscle_label; weak_pattern_match; different_equipment";false;false;false;false;false;false;true
table_040;Гак присед, техника выполнения упражнения;table_111;Присед с точкой опоры, техника выполнения упражнения;291;Matched on movement pattern (приседание) and muscle group (ноги). Same equipment.;different_muscle_label;false;false;true;true;false;true;true
table_040;Гак присед, техника выполнения упражнения;table_124;Приседание в кроссовере, техника выполнения упражнения;291;Matched on movement pattern (приседание) and muscle group (ноги). Same equipment.;different_muscle_label;false;false;true;true;false;true;true
table_040;Гак присед, техника выполнения упражнения;table_026;Приседания в смите, техника выполнения упражнения;291;Matched on movement pattern (приседание) and muscle group (ноги). Same equipment.;different_muscle_label;false;false;true;true;false;true;true
table_041;Обратный Гак присед, техника выполнения упражнения;prog_14674_179334_2;Гак присед;291;Matched on movement pattern (приседание) and muscle group (ноги). Same equipment.;different_muscle_label;false;false;true;true;false;true;true
table_041;Обратный Гак присед, техника выполнения упражнения;prog_14672_179290_5;Плеометрический гак присед;291;Matched on movement pattern (приседание) and muscle group (ноги). Same equipment.;"different_muscle_label; weak_pattern_match; different_equipment";false;false;false;false;false;false;true
table_041;Обратный Гак присед, техника выполнения упражнения;prog_14696_179772_3;Си-си приседания на переднюю поверхность бедра;291;Matched on movement pattern (приседание) and muscle group (ноги). Same equipment.;different_muscle_label;false;false;true;true;false;true;true
table_041;Обратный Гак присед, техника выполнения упражнения;prog_14508_175464_1;Фронтальные приседания со штангой;291;Matched on movement pattern (приседание) and muscle group (ноги). Same equipment.;"different_muscle_label; weak_pattern_match; different_equipment";false;false;false;false;false;false;true
table_041;Обратный Гак присед, техника выполнения упражнения;table_038;Фронтальные приседания, техника выполнения упражнения;291;Matched on movement pattern (приседание) and muscle group (ноги). Same equipment.;different_muscle_label;false;false;true;true;false;true;true
table_043;Горизонтальный жим ногами, техника выполнения упражнения;prog_14641_178506_4;Жим ногами;291;Matched on movement pattern (жим ногами) and muscle group (ноги). Same equipment.;;false;false;true;true;true;true;false
table_043;Горизонтальный жим ногами, техника выполнения упражнения;prog_14519_175720_5;Жим ногами на бицеп бедра;291;Matched on movement pattern (жим ногами) and muscle group (ноги). Same equipment.;"different_muscle_label; weak_pattern_match; different_equipment";false;false;false;false;false;false;true
table_043;Горизонтальный жим ногами, техника выполнения упражнения;prog_14650_178707_5;Жим ногами с параллельной постановкой ног;291;Matched on movement pattern (жим ногами) and muscle group (ноги). Same equipment.;;false;false;true;true;true;true;false
table_043;Горизонтальный жим ногами, техника выполнения упражнения;table_025;Жим платформы по 1 ноге, техника выполнения упражнения;286;Matched on movement pattern (жим ногами) and muscle group (ноги). Same equipment.;different_muscle_label;false;false;true;true;false;true;true
table_043;Горизонтальный жим ногами, техника выполнения упражнения;prog_14611_177991_5;Жим ногами с широкой постановкой ног;211;Matched on movement pattern (жим ногами) and muscle group (ноги). Same equipment.;different_muscle_label;false;false;true;true;false;true;true
table_045;Ягодичный мост со штангой, техника выполнения упражнения;prog_14508_175464_3;Ягодичный мост в смитте;286;Matched on movement pattern (разгибание таза) and muscle group (ягодицы). Same equipment.;;false;false;true;true;true;true;false
table_045;Ягодичный мост со штангой, техника выполнения упражнения;prog_14506_175414_4;Ягодичный мост в тренажере;286;Matched on movement pattern (разгибание таза) and muscle group (ягодицы). Same equipment.;;false;false;true;true;true;true;false
table_045;Ягодичный мост со штангой, техника выполнения упражнения;table_116;Ягодичный мост на полу, техника выполнения упражнения;286;Matched on movement pattern (разгибание таза) and muscle group (ягодицы). Same equipment.;;false;false;true;true;true;true;false
table_046;Жим штанги под углом, техника выполнения упражнения;prog_14639_178461_3;Гильотина;286;Matched on movement pattern (горизонтальный жим) and muscle group (грудь). Same equipment.;;false;false;true;true;true;true;false
table_046;Жим штанги под углом, техника выполнения упражнения;table_027;Жим в хаммере на верх груди, техника выполнения упражнения;286;Matched on movement pattern (горизонтальный жим) and muscle group (грудь). Same equipment.;;false;false;true;true;true;true;false
table_046;Жим штанги под углом, техника выполнения упражнения;table_048;Жим гантелей на 30* скамье, техника выполнения упражнения;286;Matched on movement pattern (горизонтальный жим) and muscle group (грудь). Same equipment.;;false;false;true;true;true;true;false
table_046;Жим штанги под углом, техника выполнения упражнения;prog_14518_175697_1;Изодинамический жим гантелей на 30* скамье;286;Matched on movement pattern (горизонтальный жим) and muscle group (грудь). Same equipment.;;false;false;true;true;true;true;false
table_046;Жим штанги под углом, техника выполнения упражнения;prog_14503_175330_2;Суперсет на верх груди в смитте;286;Matched on movement pattern (горизонтальный жим) and muscle group (грудь). Same equipment.;;false;false;true;true;true;true;false
table_047;Жим гантелей лёжа, техника выполнения упражнения;prog_14687_179633_1;Жим в смитте;291;Matched on movement pattern (горизонтальный жим) and muscle group (грудь). Same equipment.;;false;false;true;true;true;true;false
table_047;Жим гантелей лёжа, техника выполнения упражнения;prog_14508_175465_1;Жим гантелей лёжа на скамье 30*;291;Matched on movement pattern (горизонтальный жим) and muscle group (грудь). Same equipment.;"different_muscle_label; weak_pattern_match; different_equipment";false;false;false;false;false;false;true
table_047;Жим гантелей лёжа, техника выполнения упражнения;table_150;Жим с паузой, техника выполнения упражнения;291;Matched on movement pattern (горизонтальный жим) and muscle group (грудь). Same equipment.;;false;false;true;true;true;true;false
table_047;Жим гантелей лёжа, техника выполнения упражнения;table_023;Классический жим от груди в тренажёре, техника выполнения упражнения;291;Matched on movement pattern (горизонтальный жим) and muscle group (грудь). Same equipment.;;false;false;true;true;true;true;false
table_047;Жим гантелей лёжа, техника выполнения упражнения;table_126;Отжимания в тренажёре смитта, техника выполнения упражнения;291;Matched on movement pattern (горизонтальный жим) and muscle group (грудь). Same equipment.;;false;false;true;true;true;true;false
table_048;Жим гантелей на 30* скамье, техника выполнения упражнения;prog_14639_178461_3;Гильотина;291;Matched on movement pattern (горизонтальный жим) and muscle group (грудь). Same equipment.;;false;false;true;true;true;true;false
table_048;Жим гантелей на 30* скамье, техника выполнения упражнения;table_027;Жим в хаммере на верх груди, техника выполнения упражнения;291;Matched on movement pattern (горизонтальный жим) and muscle group (грудь). Same equipment.;;false;false;true;true;true;true;false
table_048;Жим гантелей на 30* скамье, техника выполнения упражнения;prog_14518_175697_1;Изодинамический жим гантелей на 30* скамье;291;Matched on movement pattern (горизонтальный жим) and muscle group (грудь). Same equipment.;;false;false;true;true;true;true;false
table_048;Жим гантелей на 30* скамье, техника выполнения упражнения;prog_14503_175330_2;Суперсет на верх груди в смитте;291;Matched on movement pattern (горизонтальный жим) and muscle group (грудь). Same equipment.;;false;false;true;true;true;true;false
table_048;Жим гантелей на 30* скамье, техника выполнения упражнения;prog_14477_174879_1;Жим штанги под углом;286;Matched on movement pattern (горизонтальный жим) and muscle group (грудь). Same equipment.;;false;false;true;true;true;true;false
table_049;Бабочка на заднюю дельту в кроссовере, техника выполнения упражнения;prog_14506_175416_6;Бабочка на заднюю дельту;291;Matched on movement pattern (разведение плеча) and muscle group (плечи задняя дельта). Same equipment.;"different_muscle_label; weak_pattern_match; different_equipment";false;false;false;false;false;false;true
table_049;Бабочка на заднюю дельту в кроссовере, техника выполнения упражнения;prog_14508_175467_5;Задняя дельта в кроссовере стоя;291;Matched on movement pattern (разведение плеча) and muscle group (плечи задняя дельта). Same equipment.;;false;false;true;true;true;true;false
table_049;Бабочка на заднюю дельту в кроссовере, техника выполнения упражнения;table_110;Махи дерижер на заднюю дельту, техника выполнения упражнения;291;Matched on movement pattern (разведение плеча) and muscle group (плечи задняя дельта). Same equipment.;;false;false;true;true;true;true;false
table_049;Бабочка на заднюю дельту в кроссовере, техника выполнения упражнения;table_107;Махи на заднюю дельту на 30* скамье, техника выполнения упражнения;291;Matched on movement pattern (разведение плеча) and muscle group (плечи задняя дельта). Same equipment.;;false;false;true;true;true;true;false
table_049;Бабочка на заднюю дельту в кроссовере, техника выполнения упражнения;prog_14509_175500_4;"Тяга ""Арбалет"" на заднюю дельту";226;Matched on movement pattern (разведение плеча) and muscle group (плечи задняя деьта). Same equipment.;;false;false;true;true;true;true;false
table_050;Армейский жим, техника выполнения упражнения;table_059;Жим на плечи под 60* в смитте, техника выполнения упражнения;291;Matched on movement pattern (вертикальный жим) and muscle group (плечи передняя дельта средняя дельта). Same equipment.;;false;false;true;true;true;true;false
table_050;Армейский жим, техника выполнения упражнения;prog_14508_175464_5;Жим Арнольда;226;Matched on movement pattern (вертикальный жим) and muscle group (плечи). Same equipment.;;false;false;true;true;true;true;false
table_050;Армейский жим, техника выполнения упражнения;prog_14506_175414_6;Жим гантелей сидя;226;Matched on movement pattern (вертикальный жим) and muscle group (плечи). Same equipment.;;false;false;true;true;true;true;false
table_051;Тяга к подбородку в кроссовере, техника выполнения упражнения;table_079;Тяга штанги к подбородку, техника выполнения упражнения;221;Matched on movement pattern (тяга к подбородку) and muscle group (плечи передняя дельта). Same equipment.;;false;false;true;true;true;true;false
table_052;Становая тяга сумо;prog_14506_175417_1;Румынская тяга;256;Matched on movement pattern (разгибание таза) and muscle group (спина). Same equipment.;different_muscle_label;false;false;true;true;false;true;true
table_052;Становая тяга сумо;prog_14519_175718_1;Становая тяга;256;Matched on movement pattern (разгибание таза) and muscle group (спина). Same equipment.;different_muscle_label;false;false;true;true;false;true;true
table_052;Становая тяга сумо;table_152;Тяга до колена, техника выполнения упражнения;251;Matched on movement pattern (разгибание таза) and muscle group (спина). Same equipment.;different_muscle_label;false;false;true;true;false;true;true
table_052;Становая тяга сумо;table_147;Тяга из ямы, техника выполнения упражнения;251;Matched on movement pattern (разгибание таза) and muscle group (спина). Same equipment.;different_muscle_label;false;false;true;true;false;true;true
table_052;Становая тяга сумо;table_151;Тяга со стоек, техника выполнения упражнения;251;Matched on movement pattern (разгибание таза) and muscle group (спина). Same equipment.;different_muscle_label;false;false;true;true;false;true;true
table_053;Тяга штанги к поясу, техника выполнения упражнения;prog_14508_175472_3;Т-тяга со штангой;291;Matched on movement pattern (горизонтальная тяга) and muscle group (спина). Same equipment.;;false;false;true;true;true;true;false
table_053;Тяга штанги к поясу, техника выполнения упражнения;prog_14519_175722_3;Гибридная тяга;286;Matched on movement pattern (горизонтальная тяга) and muscle group (спина). Same equipment.;;false;false;true;true;true;true;false
table_053;Тяга штанги к поясу, техника выполнения упражнения;prog_14508_175463_3;Горизонтальная тяга или гребная тяга.;286;Matched on movement pattern (горизонтальная тяга) and muscle group (спина). Same equipment.;"different_muscle_label; weak_pattern_match; different_equipment";false;false;false;false;false;false;true
table_053;Тяга штанги к поясу, техника выполнения упражнения;table_078;Горизонтальная тяга широким хватом, техника выполнения упражнения;286;Matched on movement pattern (горизонтальная тяга) and muscle group (спина). Same equipment.;;false;false;true;true;true;true;false
table_053;Тяга штанги к поясу, техника выполнения упражнения;table_055;Горизонтальная тяга, техника выполнения упражнения;286;Matched on movement pattern (горизонтальная тяга) and muscle group (спина). Same equipment.;;false;false;true;true;true;true;false
table_054;Вертикальная тяга одной рукой, техника выполнения упражнения;prog_14508_175463_2;Вертикальная тяга обратным хватом;286;Matched on movement pattern (вертикальная тяга) and muscle group (спина). Same equipment.;different_muscle_label;false;false;true;true;false;true;true
table_054;Вертикальная тяга одной рукой, техника выполнения упражнения;prog_14508_175466_2;Вертикальная тяга узким хватом;286;Matched on movement pattern (вертикальная тяга) and muscle group (спина). Same equipment.;;false;false;true;true;true;true;false
table_054;Вертикальная тяга одной рукой, техника выполнения упражнения;prog_14506_175419_3;Вертикальная тяга широким хватом;286;Matched on movement pattern (вертикальная тяга) and muscle group (спина). Same equipment.;"different_muscle_label; weak_pattern_match; different_equipment";false;false;false;false;false;false;true
table_054;Вертикальная тяга одной рукой, техника выполнения упражнения;table_127;Вертикальная тяга, техника выполнения упражнения;286;Matched on movement pattern (вертикальная тяга) and muscle group (спина). Same equipment.;;false;false;true;true;true;true;false
table_054;Вертикальная тяга одной рукой, техника выполнения упражнения;prog_14694_179733_2;Подтягивания в гравитроне обратным хватом;286;Matched on movement pattern (вертикальная тяга) and muscle group (спина). Same equipment.;different_muscle_label;false;false;true;true;false;true;true
table_055;Горизонтальная тяга, техника выполнения упражнения;prog_14519_175722_3;Гибридная тяга;291;Matched on movement pattern (горизонтальная тяга) and muscle group (спина). Same equipment.;;false;false;true;true;true;true;false
table_055;Горизонтальная тяга, техника выполнения упражнения;prog_14508_175463_3;Горизонтальная тяга или гребная тяга.;291;Matched on movement pattern (горизонтальная тяга) and muscle group (спина). Same equipment.;"different_muscle_label; weak_pattern_match; different_equipment";false;false;false;false;false;false;true
table_055;Горизонтальная тяга, техника выполнения упражнения;table_078;Горизонтальная тяга широким хватом, техника выполнения упражнения;291;Matched on movement pattern (горизонтальная тяга) and muscle group (спина). Same equipment.;;false;false;true;true;true;true;false
table_055;Горизонтальная тяга, техника выполнения упражнения;prog_14508_175472_2;Рычажная тяга;291;Matched on movement pattern (горизонтальная тяга) and muscle group (спина). Same equipment.;;false;false;true;true;true;true;false
table_055;Горизонтальная тяга, техника выполнения упражнения;prog_14685_179576_3;Т-тяга в тренажере;291;Matched on movement pattern (горизонтальная тяга) and muscle group (спина). Same equipment.;;false;false;true;true;true;true;false
table_058;Махи на плечи в кроссовере, тросс сзади. Техника выполнения упражнения;table_188;Дуговые махи гантелями стоя, техника выполнения упражнения;226;Matched on movement pattern (отведение плеча) and muscle group (плечи). Same equipment.;;false;false;true;true;true;true;false
table_058;Махи на плечи в кроссовере, тросс сзади. Техника выполнения упражнения;prog_14523_175813_5;Изодинамические махи;226;Matched on movement pattern (отведение плеча) and muscle group (плечи). Same equipment.;"different_muscle_label; weak_pattern_match; different_equipment";false;false;false;false;false;false;true
table_058;Махи на плечи в кроссовере, тросс сзади. Техника выполнения упражнения;table_063;Изодинамические махи гантелями сидя, техника выполнения упражнения;226;Matched on movement pattern (отведение плеча) and muscle group (плечи). Same equipment.;;false;false;true;true;true;true;false
table_058;Махи на плечи в кроссовере, тросс сзади. Техника выполнения упражнения;table_105;Изодинамические махи гантелями, техника выполнения упражнения;226;Matched on movement pattern (отведение плеча) and muscle group (плечи). Same equipment.;;false;false;true;true;true;true;false
table_058;Махи на плечи в кроссовере, тросс сзади. Техника выполнения упражнения;prog_14524_175844_4;Махи гантелями;226;Matched on movement pattern (отведение плеча) and muscle group (плечи). Same equipment.;"different_muscle_label; weak_pattern_match; different_equipment";false;false;false;false;false;false;true
table_059;Жим на плечи под 60* в смитте, техника выполнения упражнения;prog_14489_175043_4;Армейский жим;291;Matched on movement pattern (вертикальный жим) and muscle group (плечи передняя дельта средняя дельта). Same equipment.;;false;false;true;true;true;true;false
table_059;Жим на плечи под 60* в смитте, техника выполнения упражнения;prog_14508_175464_5;Жим Арнольда;226;Matched on movement pattern (вертикальный жим) and muscle group (плечи). Same equipment.;;false;false;true;true;true;true;false
table_059;Жим на плечи под 60* в смитте, техника выполнения упражнения;prog_14506_175414_6;Жим гантелей сидя;226;Matched on movement pattern (вертикальный жим) and muscle group (плечи). Same equipment.;;false;false;true;true;true;true;false
table_060;Махи на скамье под 45*, техника выполнения упражнения;table_188;Дуговые махи гантелями стоя, техника выполнения упражнения;291;Matched on movement pattern (отведение плеча) and muscle group (плечи). Same equipment.;;false;false;true;true;true;true;false
table_060;Махи на скамье под 45*, техника выполнения упражнения;prog_14523_175813_5;Изодинамические махи;291;Matched on movement pattern (отведение плеча) and muscle group (плечи). Same equipment.;"different_muscle_label; weak_pattern_match; different_equipment";false;false;false;false;false;false;true
table_060;Махи на скамье под 45*, техника выполнения упражнения;table_063;Изодинамические махи гантелями сидя, техника выполнения упражнения;291;Matched on movement pattern (отведение плеча) and muscle group (плечи). Same equipment.;;false;false;true;true;true;true;false
table_060;Махи на скамье под 45*, техника выполнения упражнения;table_105;Изодинамические махи гантелями, техника выполнения упражнения;291;Matched on movement pattern (отведение плеча) and muscle group (плечи). Same equipment.;;false;false;true;true;true;true;false
table_060;Махи на скамье под 45*, техника выполнения упражнения;prog_14524_175844_4;Махи гантелями;291;Matched on movement pattern (отведение плеча) and muscle group (плечи). Same equipment.;"different_muscle_label; weak_pattern_match; different_equipment";false;false;false;false;false;false;true
table_061;Жим Арнольда, техника выполнения упражнения;prog_14506_175414_6;Жим гантелей сидя;291;Matched on movement pattern (вертикальный жим) and muscle group (плечи). Same equipment.;;false;false;true;true;true;true;false
table_061;Жим Арнольда, техника выполнения упражнения;prog_14489_175043_4;Армейский жим;226;Matched on movement pattern (вертикальный жим) and muscle group (плечи передняя дельта средняя дельта). Same equipment.;;false;false;true;true;true;true;false
table_061;Жим Арнольда, техника выполнения упражнения;table_059;Жим на плечи под 60* в смитте, техника выполнения упражнения;226;Matched on movement pattern (вертикальный жим) and muscle group (плечи передняя дельта средняя дельта). Same equipment.;;false;false;true;true;true;true;false
table_062;Жим гантелей сидя, техника выполнения упражнения;prog_14508_175464_5;Жим Арнольда;291;Matched on movement pattern (вертикальный жим) and muscle group (плечи). Same equipment.;;false;false;true;true;true;true;false
table_062;Жим гантелей сидя, техника выполнения упражнения;prog_14489_175043_4;Армейский жим;226;Matched on movement pattern (вертикальный жим) and muscle group (плечи передняя дельта средняя дельта). Same equipment.;;false;false;true;true;true;true;false
table_062;Жим гантелей сидя, техника выполнения упражнения;table_059;Жим на плечи под 60* в смитте, техника выполнения упражнения;226;Matched on movement pattern (вертикальный жим) and muscle group (плечи передняя дельта средняя дельта). Same equipment.;;false;false;true;true;true;true;false
table_063;Изодинамические махи гантелями сидя, техника выполнения упражнения;table_188;Дуговые махи гантелями стоя, техника выполнения упражнения;291;Matched on movement pattern (отведение плеча) and muscle group (плечи). Same equipment.;;false;false;true;true;true;true;false
table_063;Изодинамические махи гантелями сидя, техника выполнения упражнения;prog_14523_175813_5;Изодинамические махи;291;Matched on movement pattern (отведение плеча) and muscle group (плечи). Same equipment.;"different_muscle_label; weak_pattern_match; different_equipment";false;false;false;false;false;false;true
table_063;Изодинамические махи гантелями сидя, техника выполнения упражнения;table_105;Изодинамические махи гантелями, техника выполнения упражнения;291;Matched on movement pattern (отведение плеча) and muscle group (плечи). Same equipment.;;false;false;true;true;true;true;false
table_063;Изодинамические махи гантелями сидя, техника выполнения упражнения;prog_14524_175844_4;Махи гантелями;291;Matched on movement pattern (отведение плеча) and muscle group (плечи). Same equipment.;"different_muscle_label; weak_pattern_match; different_equipment";false;false;false;false;false;false;true
table_063;Изодинамические махи гантелями сидя, техника выполнения упражнения;table_189;Махи гантелями стоя, техника выполнения упражнения;291;Matched on movement pattern (отведение плеча) and muscle group (плечи). Same equipment.;;false;false;true;true;true;true;false
table_064;Т-тяга со штангой, техника выполнения упражнения;prog_14519_175724_1;Тяга штанги к поясу;291;Matched on movement pattern (горизонтальная тяга) and muscle group (спина). Same equipment.;;false;false;true;true;true;true;false
table_064;Т-тяга со штангой, техника выполнения упражнения;prog_14519_175722_3;Гибридная тяга;286;Matched on movement pattern (горизонтальная тяга) and muscle group (спина). Same equipment.;;false;false;true;true;true;true;false
table_064;Т-тяга со штангой, техника выполнения упражнения;prog_14508_175463_3;Горизонтальная тяга или гребная тяга.;286;Matched on movement pattern (горизонтальная тяга) and muscle group (спина). Same equipment.;"different_muscle_label; weak_pattern_match; different_equipment";false;false;false;false;false;false;true
table_064;Т-тяга со штангой, техника выполнения упражнения;table_078;Горизонтальная тяга широким хватом, техника выполнения упражнения;286;Matched on movement pattern (горизонтальная тяга) and muscle group (спина). Same equipment.;;false;false;true;true;true;true;false
table_064;Т-тяга со штангой, техника выполнения упражнения;table_055;Горизонтальная тяга, техника выполнения упражнения;286;Matched on movement pattern (горизонтальная тяга) and muscle group (спина). Same equipment.;;false;false;true;true;true;true;false
table_065;Т-тяга в тренажёре, техника выполнения упражнения;prog_14519_175722_3;Гибридная тяга;291;Matched on movement pattern (горизонтальная тяга) and muscle group (спина). Same equipment.;;false;false;true;true;true;true;false
table_065;Т-тяга в тренажёре, техника выполнения упражнения;prog_14508_175463_3;Горизонтальная тяга или гребная тяга.;291;Matched on movement pattern (горизонтальная тяга) and muscle group (спина). Same equipment.;"different_muscle_label; weak_pattern_match; different_equipment";false;false;false;false;false;false;true
table_065;Т-тяга в тренажёре, техника выполнения упражнения;table_078;Горизонтальная тяга широким хватом, техника выполнения упражнения;291;Matched on movement pattern (горизонтальная тяга) and muscle group (спина). Same equipment.;;false;false;true;true;true;true;false
table_065;Т-тяга в тренажёре, техника выполнения упражнения;table_055;Горизонтальная тяга, техника выполнения упражнения;291;Matched on movement pattern (горизонтальная тяга) and muscle group (спина). Same equipment.;;false;false;true;true;true;true;false
table_065;Т-тяга в тренажёре, техника выполнения упражнения;prog_14508_175472_2;Рычажная тяга;291;Matched on movement pattern (горизонтальная тяга) and muscle group (спина). Same equipment.;;false;false;true;true;true;true;false
table_066;Пуловер с гантелей, техника выполнения упражнения;prog_14518_175698_3;Пуловер в кроссовере;291;Matched on movement pattern (пуловер) and muscle group (спина). Same equipment.;;false;false;true;true;true;true;false
table_066;Пуловер с гантелей, техника выполнения упражнения;prog_14520_175754_2;Пуловер со штангой;286;Matched on movement pattern (пуловер) and muscle group (спина). Same equipment.;;false;false;true;true;true;true;false
table_067;Пуловер со штангой, техника выполнения упражнения;prog_14518_175698_3;Пуловер в кроссовере;286;Matched on movement pattern (пуловер) and muscle group (спина). Same equipment.;;false;false;true;true;true;true;false
table_067;Пуловер со штангой, техника выполнения упражнения;prog_14639_178459_3;Пуловер с гантелей;286;Matched on movement pattern (пуловер) and muscle group (спина). Same equipment.;;false;false;true;true;true;true;false
table_068;Подтягивания обратным хватом, техника выполнения упражнения;prog_14508_175463_2;Вертикальная тяга обратным хватом;291;Matched on movement pattern (вертикальная тяга) and muscle group (спина). Same equipment.;;false;false;true;true;true;true;false
table_068;Подтягивания обратным хватом, техника выполнения упражнения;prog_14508_175466_2;Вертикальная тяга узким хватом;291;Matched on movement pattern (вертикальная тяга) and muscle group (спина). Same equipment.;different_muscle_label;false;false;true;true;false;true;true
table_068;Подтягивания обратным хватом, техника выполнения упражнения;prog_14506_175419_3;Вертикальная тяга широким хватом;291;Matched on movement pattern (вертикальная тяга) and muscle group (спина). Same equipment.;"different_muscle_label; weak_pattern_match; different_equipment";false;false;false;false;false;false;true
table_068;Подтягивания обратным хватом, техника выполнения упражнения;table_127;Вертикальная тяга, техника выполнения упражнения;291;Matched on movement pattern (вертикальная тяга) and muscle group (спина). Same equipment.;different_muscle_label;false;false;true;true;false;true;true
table_068;Подтягивания обратным хватом, техника выполнения упражнения;prog_14694_179733_2;Подтягивания в гравитроне обратным хватом;291;Matched on movement pattern (вертикальная тяга) and muscle group (спина). Same equipment.;;false;false;true;true;true;true;false
table_069;Подтягивания параллельным хватом, техника выполнения упражнения;prog_14508_175463_2;Вертикальная тяга обратным хватом;291;Matched on movement pattern (вертикальная тяга) and muscle group (спина). Same equipment.;;false;false;true;true;true;true;false
table_069;Подтягивания параллельным хватом, техника выполнения упражнения;prog_14508_175466_2;Вертикальная тяга узким хватом;291;Matched on movement pattern (вертикальная тяга) and muscle group (спина). Same equipment.;different_muscle_label;false;false;true;true;false;true;true
table_069;Подтягивания параллельным хватом, техника выполнения упражнения;prog_14506_175419_3;Вертикальная тяга широким хватом;291;Matched on movement pattern (вертикальная тяга) and muscle group (спина). Same equipment.;"different_muscle_label; weak_pattern_match; different_equipment";false;false;false;false;false;false;true
table_069;Подтягивания параллельным хватом, техника выполнения упражнения;table_127;Вертикальная тяга, техника выполнения упражнения;291;Matched on movement pattern (вертикальная тяга) and muscle group (спина). Same equipment.;different_muscle_label;false;false;true;true;false;true;true
table_069;Подтягивания параллельным хватом, техника выполнения упражнения;prog_14694_179733_2;Подтягивания в гравитроне обратным хватом;291;Matched on movement pattern (вертикальная тяга) and muscle group (спина). Same equipment.;;false;false;true;true;true;true;false
table_070;Подтягивания широким хватом, техника выполнения упражнения;prog_14508_175463_2;Вертикальная тяга обратным хватом;291;Matched on movement pattern (вертикальная тяга) and muscle group (спина). Same equipment.;different_muscle_label;false;false;true;true;false;true;true
table_070;Подтягивания широким хватом, техника выполнения упражнения;prog_14508_175466_2;Вертикальная тяга узким хватом;291;Matched on movement pattern (вертикальная тяга) and muscle group (спина). Same equipment.;;false;false;true;true;true;true;false
table_070;Подтягивания широким хватом, техника выполнения упражнения;prog_14506_175419_3;Вертикальная тяга широким хватом;291;Matched on movement pattern (вертикальная тяга) and muscle group (спина). Same equipment.;"different_muscle_label; weak_pattern_match; different_equipment";false;false;false;false;false;false;true
table_070;Подтягивания широким хватом, техника выполнения упражнения;table_127;Вертикальная тяга, техника выполнения упражнения;291;Matched on movement pattern (вертикальная тяга) and muscle group (спина). Same equipment.;;false;false;true;true;true;true;false
table_070;Подтягивания широким хватом, техника выполнения упражнения;prog_14694_179733_2;Подтягивания в гравитроне обратным хватом;291;Matched on movement pattern (вертикальная тяга) and muscle group (спина). Same equipment.;different_muscle_label;false;false;true;true;false;true;true
table_071;Гибридная тяга, техника выполнения упражнения;prog_14508_175463_3;Горизонтальная тяга или гребная тяга.;291;Matched on movement pattern (горизонтальная тяга) and muscle group (спина). Same equipment.;"different_muscle_label; weak_pattern_match; different_equipment";false;false;false;false;false;false;true
table_071;Гибридная тяга, техника выполнения упражнения;table_078;Горизонтальная тяга широким хватом, техника выполнения упражнения;291;Matched on movement pattern (горизонтальная тяга) and muscle group (спина). Same equipment.;;false;false;true;true;true;true;false
table_071;Гибридная тяга, техника выполнения упражнения;table_055;Горизонтальная тяга, техника выполнения упражнения;291;Matched on movement pattern (горизонтальная тяга) and muscle group (спина). Same equipment.;;false;false;true;true;true;true;false
table_071;Гибридная тяга, техника выполнения упражнения;prog_14508_175472_2;Рычажная тяга;291;Matched on movement pattern (горизонтальная тяга) and muscle group (спина). Same equipment.;;false;false;true;true;true;true;false
table_071;Гибридная тяга, техника выполнения упражнения;prog_14685_179576_3;Т-тяга в тренажере;291;Matched on movement pattern (горизонтальная тяга) and muscle group (спина). Same equipment.;;false;false;true;true;true;true;false
table_072;Рычажная тяга, техника выполнения упражнения;prog_14519_175722_3;Гибридная тяга;291;Matched on movement pattern (горизонтальная тяга) and muscle group (спина). Same equipment.;;false;false;true;true;true;true;false
table_072;Рычажная тяга, техника выполнения упражнения;prog_14508_175463_3;Горизонтальная тяга или гребная тяга.;291;Matched on movement pattern (горизонтальная тяга) and muscle group (спина). Same equipment.;"different_muscle_label; weak_pattern_match; different_equipment";false;false;false;false;false;false;true
table_072;Рычажная тяга, техника выполнения упражнения;table_078;Горизонтальная тяга широким хватом, техника выполнения упражнения;291;Matched on movement pattern (горизонтальная тяга) and muscle group (спина). Same equipment.;;false;false;true;true;true;true;false
table_072;Рычажная тяга, техника выполнения упражнения;table_055;Горизонтальная тяга, техника выполнения упражнения;291;Matched on movement pattern (горизонтальная тяга) and muscle group (спина). Same equipment.;;false;false;true;true;true;true;false
table_072;Рычажная тяга, техника выполнения упражнения;prog_14685_179576_3;Т-тяга в тренажере;291;Matched on movement pattern (горизонтальная тяга) and muscle group (спина). Same equipment.;;false;false;true;true;true;true;false
table_073;Римские подтягивания, техника выполнения упражнения;prog_14508_175463_2;Вертикальная тяга обратным хватом;291;Matched on movement pattern (вертикальная тяга) and muscle group (спина). Same equipment.;different_muscle_label;false;false;true;true;false;true;true
table_073;Римские подтягивания, техника выполнения упражнения;prog_14508_175466_2;Вертикальная тяга узким хватом;291;Matched on movement pattern (вертикальная тяга) and muscle group (спина). Same equipment.;;false;false;true;true;true;true;false
table_073;Римские подтягивания, техника выполнения упражнения;prog_14506_175419_3;Вертикальная тяга широким хватом;291;Matched on movement pattern (вертикальная тяга) and muscle group (спина). Same equipment.;"different_muscle_label; weak_pattern_match; different_equipment";false;false;false;false;false;false;true
table_073;Римские подтягивания, техника выполнения упражнения;table_127;Вертикальная тяга, техника выполнения упражнения;291;Matched on movement pattern (вертикальная тяга) and muscle group (спина). Same equipment.;;false;false;true;true;true;true;false
table_073;Римские подтягивания, техника выполнения упражнения;prog_14694_179733_2;Подтягивания в гравитроне обратным хватом;291;Matched on movement pattern (вертикальная тяга) and muscle group (спина). Same equipment.;different_muscle_label;false;false;true;true;false;true;true
table_074;Тяга гирь к поясу, техника выполнения упражнения;prog_14519_175722_3;Гибридная тяга;291;Matched on movement pattern (горизонтальная тяга) and muscle group (спина). Same equipment.;;false;false;true;true;true;true;false
table_074;Тяга гирь к поясу, техника выполнения упражнения;prog_14508_175463_3;Горизонтальная тяга или гребная тяга.;291;Matched on movement pattern (горизонтальная тяга) and muscle group (спина). Same equipment.;"different_muscle_label; weak_pattern_match; different_equipment";false;false;false;false;false;false;true
table_074;Тяга гирь к поясу, техника выполнения упражнения;table_078;Горизонтальная тяга широким хватом, техника выполнения упражнения;291;Matched on movement pattern (горизонтальная тяга) and muscle group (спина). Same equipment.;;false;false;true;true;true;true;false
table_074;Тяга гирь к поясу, техника выполнения упражнения;table_055;Горизонтальная тяга, техника выполнения упражнения;291;Matched on movement pattern (горизонтальная тяга) and muscle group (спина). Same equipment.;;false;false;true;true;true;true;false
table_074;Тяга гирь к поясу, техника выполнения упражнения;prog_14508_175472_2;Рычажная тяга;291;Matched on movement pattern (горизонтальная тяга) and muscle group (спина). Same equipment.;;false;false;true;true;true;true;false
table_075;Тяга к поясу в кроссовере, техника выполнения упражнения;prog_14519_175722_3;Гибридная тяга;291;Matched on movement pattern (горизонтальная тяга) and muscle group (спина). Same equipment.;;false;false;true;true;true;true;false
table_075;Тяга к поясу в кроссовере, техника выполнения упражнения;prog_14508_175463_3;Горизонтальная тяга или гребная тяга.;291;Matched on movement pattern (горизонтальная тяга) and muscle group (спина). Same equipment.;"different_muscle_label; weak_pattern_match; different_equipment";false;false;false;false;false;false;true
table_075;Тяга к поясу в кроссовере, техника выполнения упражнения;table_078;Горизонтальная тяга широким хватом, техника выполнения упражнения;291;Matched on movement pattern (горизонтальная тяга) and muscle group (спина). Same equipment.;;false;false;true;true;true;true;false
table_075;Тяга к поясу в кроссовере, техника выполнения упражнения;table_055;Горизонтальная тяга, техника выполнения упражнения;291;Matched on movement pattern (горизонтальная тяга) and muscle group (спина). Same equipment.;;false;false;true;true;true;true;false
table_075;Тяга к поясу в кроссовере, техника выполнения упражнения;prog_14508_175472_2;Рычажная тяга;291;Matched on movement pattern (горизонтальная тяга) and muscle group (спина). Same equipment.;;false;false;true;true;true;true;false
table_076;Тяга гантели к поясу, техника выполнения упражнения;prog_14519_175722_3;Гибридная тяга;291;Matched on movement pattern (горизонтальная тяга) and muscle group (спина). Same equipment.;;false;false;true;true;true;true;false
table_076;Тяга гантели к поясу, техника выполнения упражнения;prog_14508_175463_3;Горизонтальная тяга или гребная тяга.;291;Matched on movement pattern (горизонтальная тяга) and muscle group (спина). Same equipment.;"different_muscle_label; weak_pattern_match; different_equipment";false;false;false;false;false;false;true
table_076;Тяга гантели к поясу, техника выполнения упражнения;table_078;Горизонтальная тяга широким хватом, техника выполнения упражнения;291;Matched on movement pattern (горизонтальная тяга) and muscle group (спина). Same equipment.;;false;false;true;true;true;true;false
table_076;Тяга гантели к поясу, техника выполнения упражнения;table_055;Горизонтальная тяга, техника выполнения упражнения;291;Matched on movement pattern (горизонтальная тяга) and muscle group (спина). Same equipment.;;false;false;true;true;true;true;false
table_076;Тяга гантели к поясу, техника выполнения упражнения;prog_14508_175472_2;Рычажная тяга;291;Matched on movement pattern (горизонтальная тяга) and muscle group (спина). Same equipment.;;false;false;true;true;true;true;false
table_077;Пуловер в кроссовере, техника выполнения упражнения;prog_14639_178459_3;Пуловер с гантелей;291;Matched on movement pattern (пуловер) and muscle group (спина). Same equipment.;;false;false;true;true;true;true;false
table_077;Пуловер в кроссовере, техника выполнения упражнения;prog_14520_175754_2;Пуловер со штангой;286;Matched on movement pattern (пуловер) and muscle group (спина). Same equipment.;;false;false;true;true;true;true;false
table_078;Горизонтальная тяга широким хватом, техника выполнения упражнения;prog_14519_175722_3;Гибридная тяга;291;Matched on movement pattern (горизонтальная тяга) and muscle group (спина). Same equipment.;;false;false;true;true;true;true;false
table_078;Горизонтальная тяга широким хватом, техника выполнения упражнения;prog_14508_175463_3;Горизонтальная тяга или гребная тяга.;291;Matched on movement pattern (горизонтальная тяга) and muscle group (спина). Same equipment.;"different_muscle_label; weak_pattern_match; different_equipment";false;false;false;false;false;false;true
table_078;Горизонтальная тяга широким хватом, техника выполнения упражнения;table_055;Горизонтальная тяга, техника выполнения упражнения;291;Matched on movement pattern (горизонтальная тяга) and muscle group (спина). Same equipment.;;false;false;true;true;true;true;false
table_078;Горизонтальная тяга широким хватом, техника выполнения упражнения;prog_14508_175472_2;Рычажная тяга;291;Matched on movement pattern (горизонтальная тяга) and muscle group (спина). Same equipment.;;false;false;true;true;true;true;false
table_078;Горизонтальная тяга широким хватом, техника выполнения упражнения;prog_14685_179576_3;Т-тяга в тренажере;291;Matched on movement pattern (горизонтальная тяга) and muscle group (спина). Same equipment.;;false;false;true;true;true;true;false
table_079;Тяга штанги к подбородку, техника выполнения упражнения;prog_14519_175721_7;Тяга к подбородку в кроссовере;221;Matched on movement pattern (тяга к подбородку) and muscle group (плечи передняя дельта средняя дельта). Same equipment.;;false;false;true;true;true;true;false
table_080;Фронтальные махи со штангой стоя, техника выполнения упражнения;table_190;Фронтальные махи с гантелями, техника выполнения упражнения;221;Matched on movement pattern (сгибание плеча) and muscle group (плечи). Same equipment.;;false;false;true;true;true;true;false
table_081;Подтягивания в гравитроне обратным хватом, техника выполнения упражнения;prog_14508_175463_2;Вертикальная тяга обратным хватом;291;Matched on movement pattern (вертикальная тяга) and muscle group (спина). Same equipment.;;false;false;true;true;true;true;false
table_081;Подтягивания в гравитроне обратным хватом, техника выполнения упражнения;prog_14508_175466_2;Вертикальная тяга узким хватом;291;Matched on movement pattern (вертикальная тяга) and muscle group (спина). Same equipment.;different_muscle_label;false;false;true;true;false;true;true
table_081;Подтягивания в гравитроне обратным хватом, техника выполнения упражнения;prog_14506_175419_3;Вертикальная тяга широким хватом;291;Matched on movement pattern (вертикальная тяга) and muscle group (спина). Same equipment.;"different_muscle_label; weak_pattern_match; different_equipment";false;false;false;false;false;false;true
table_081;Подтягивания в гравитроне обратным хватом, техника выполнения упражнения;table_127;Вертикальная тяга, техника выполнения упражнения;291;Matched on movement pattern (вертикальная тяга) and muscle group (спина). Same equipment.;different_muscle_label;false;false;true;true;false;true;true
table_081;Подтягивания в гравитроне обратным хватом, техника выполнения упражнения;prog_14506_175413_2;Подтягивания в гравитроне параллельным хватом;291;Matched on movement pattern (вертикальная тяга) and muscle group (спина). Same equipment.;;false;false;true;true;true;true;false
table_082;Подтягивания в гравитроне параллельным хватом, техника выполнения упражнения;prog_14508_175463_2;Вертикальная тяга обратным хватом;291;Matched on movement pattern (вертикальная тяга) and muscle group (спина). Same equipment.;;false;false;true;true;true;true;false
table_082;Подтягивания в гравитроне параллельным хватом, техника выполнения упражнения;prog_14508_175466_2;Вертикальная тяга узким хватом;291;Matched on movement pattern (вертикальная тяга) and muscle group (спина). Same equipment.;different_muscle_label;false;false;true;true;false;true;true
table_082;Подтягивания в гравитроне параллельным хватом, техника выполнения упражнения;prog_14506_175419_3;Вертикальная тяга широким хватом;291;Matched on movement pattern (вертикальная тяга) and muscle group (спина). Same equipment.;"different_muscle_label; weak_pattern_match; different_equipment";false;false;false;false;false;false;true
table_082;Подтягивания в гравитроне параллельным хватом, техника выполнения упражнения;table_127;Вертикальная тяга, техника выполнения упражнения;291;Matched on movement pattern (вертикальная тяга) and muscle group (спина). Same equipment.;different_muscle_label;false;false;true;true;false;true;true
table_082;Подтягивания в гравитроне параллельным хватом, техника выполнения упражнения;prog_14694_179733_2;Подтягивания в гравитроне обратным хватом;291;Matched on movement pattern (вертикальная тяга) and muscle group (спина). Same equipment.;;false;false;true;true;true;true;false
table_083;Подтягивания в гравитроне широким хватом, техника выполнения упражнения;prog_14508_175463_2;Вертикальная тяга обратным хватом;291;Matched on movement pattern (вертикальная тяга) and muscle group (спина). Same equipment.;different_muscle_label;false;false;true;true;false;true;true
table_083;Подтягивания в гравитроне широким хватом, техника выполнения упражнения;prog_14508_175466_2;Вертикальная тяга узким хватом;291;Matched on movement pattern (вертикальная тяга) and muscle group (спина). Same equipment.;;false;false;true;true;true;true;false
table_083;Подтягивания в гравитроне широким хватом, техника выполнения упражнения;prog_14506_175419_3;Вертикальная тяга широким хватом;291;Matched on movement pattern (вертикальная тяга) and muscle group (спина). Same equipment.;"different_muscle_label; weak_pattern_match; different_equipment";false;false;false;false;false;false;true
table_083;Подтягивания в гравитроне широким хватом, техника выполнения упражнения;table_127;Вертикальная тяга, техника выполнения упражнения;291;Matched on movement pattern (вертикальная тяга) and muscle group (спина). Same equipment.;;false;false;true;true;true;true;false
table_083;Подтягивания в гравитроне широким хватом, техника выполнения упражнения;prog_14694_179733_2;Подтягивания в гравитроне обратным хватом;291;Matched on movement pattern (вертикальная тяга) and muscle group (спина). Same equipment.;different_muscle_label;false;false;true;true;false;true;true
table_084;Планка на фитболе под ногами, техника выполнения упражнения;prog_14508_175472_4;Динамическая планка на косые мышцы;291;Matched on movement pattern (стабилизация) and muscle group (core). Same equipment.;different_muscle_label;false;false;true;true;false;true;true
table_084;Планка на фитболе под ногами, техника выполнения упражнения;prog_14506_175413_6;Классическая планка;291;Matched on movement pattern (стабилизация) and muscle group (core). Same equipment.;;false;false;true;true;true;true;false
table_084;Планка на фитболе под ногами, техника выполнения упражнения;table_085;Латеральная планка, или боковая планка, техника выполнения упражнения;291;Matched on movement pattern (стабилизация) and muscle group (core). Same equipment.;different_muscle_label;false;false;true;true;false;true;true
table_084;Планка на фитболе под ногами, техника выполнения упражнения;prog_14506_175415_6;Планка на босу;291;Matched on movement pattern (стабилизация) and muscle group (core). Same equipment.;;false;false;true;true;true;true;false
table_084;Планка на фитболе под ногами, техника выполнения упражнения;prog_14506_175417_6;Планка на босу под ногами;291;Matched on movement pattern (стабилизация) and muscle group (core). Same equipment.;;false;false;true;true;true;true;false
table_085;Латеральная планка, или боковая планка, техника выполнения упражнения;prog_14508_175472_4;Динамическая планка на косые мышцы;291;Matched on movement pattern (стабилизация) and muscle group (core). Same equipment.;;false;false;true;true;true;true;false
table_085;Латеральная планка, или боковая планка, техника выполнения упражнения;prog_14506_175413_6;Классическая планка;291;Matched on movement pattern (стабилизация) and muscle group (core). Same equipment.;different_muscle_label;false;false;true;true;false;true;true
table_085;Латеральная планка, или боковая планка, техника выполнения упражнения;prog_14506_175415_6;Планка на босу;291;Matched on movement pattern (стабилизация) and muscle group (core). Same equipment.;different_muscle_label;false;false;true;true;false;true;true
table_085;Латеральная планка, или боковая планка, техника выполнения упражнения;prog_14506_175417_6;Планка на босу под ногами;291;Matched on movement pattern (стабилизация) and muscle group (core). Same equipment.;different_muscle_label;false;false;true;true;false;true;true
table_085;Латеральная планка, или боковая планка, техника выполнения упражнения;prog_14626_178268_6;Планка на фитболе;291;Matched on movement pattern (стабилизация) and muscle group (core). Same equipment.;"different_muscle_label; weak_pattern_match; different_equipment";false;false;false;false;false;false;true
table_086;Скручивания на скамье для пресса, техника выполнения упражнения;prog_14670_179218_9;Велосипедные скручивания;291;Matched on movement pattern (скручивание) and muscle group (core). Same equipment.;"different_muscle_label; weak_pattern_match; different_equipment";false;false;false;false;false;false;true
table_086;Скручивания на скамье для пресса, техника выполнения упражнения;table_100;Велосипедные скручивания на пресс, техника выполнения упражнения;291;Matched on movement pattern (скручивание) and muscle group (core). Same equipment.;different_muscle_label;false;false;true;true;false;true;true
table_086;Скручивания на скамье для пресса, техника выполнения упражнения;table_099;Касание пяток на пресс, техника выполнения упражнения;291;Matched on movement pattern (скручивание) and muscle group (core). Same equipment.;different_muscle_label;false;false;true;true;false;true;true
table_086;Скручивания на скамье для пресса, техника выполнения упражнения;prog_14508_175469_5;Косые скручивания с мячом;291;Matched on movement pattern (скручивание) and muscle group (core). Same equipment.;different_muscle_label;false;false;true;true;false;true;true
table_086;Скручивания на скамье для пресса, техника выполнения упражнения;prog_14611_177991_8;Пресс на босу;291;Matched on movement pattern (скручивание) and muscle group (core). Same equipment.;;false;false;true;true;true;true;false
table_087;Подъемы ног на скамье для пресса, техника выполнения упражнения;prog_14506_175416_7;Подъемы ног;291;Matched on movement pattern (подъем ног) and muscle group (core). Same equipment.;"different_muscle_label; weak_pattern_match; different_equipment";false;false;false;false;false;false;true
table_087;Подъемы ног на скамье для пресса, техника выполнения упражнения;table_109;Подъемы ног на пресс, техника выполнения упражнения;291;Matched on movement pattern (подъем ног) and muscle group (core). Same equipment.;;false;false;true;true;true;true;false
table_088;Планка с перестановкой ног и рук, техника выполнения упражнения;prog_14508_175472_4;Динамическая планка на косые мышцы;291;Matched on movement pattern (стабилизация) and muscle group (core). Same equipment.;different_muscle_label;false;false;true;true;false;true;true
table_088;Планка с перестановкой ног и рук, техника выполнения упражнения;prog_14506_175413_6;Классическая планка;291;Matched on movement pattern (стабилизация) and muscle group (core). Same equipment.;;false;false;true;true;true;true;false
table_088;Планка с перестановкой ног и рук, техника выполнения упражнения;table_085;Латеральная планка, или боковая планка, техника выполнения упражнения;291;Matched on movement pattern (стабилизация) and muscle group (core). Same equipment.;different_muscle_label;false;false;true;true;false;true;true
table_088;Планка с перестановкой ног и рук, техника выполнения упражнения;prog_14506_175415_6;Планка на босу;291;Matched on movement pattern (стабилизация) and muscle group (core). Same equipment.;;false;false;true;true;true;true;false
table_088;Планка с перестановкой ног и рук, техника выполнения упражнения;prog_14506_175417_6;Планка на босу под ногами;291;Matched on movement pattern (стабилизация) and muscle group (core). Same equipment.;;false;false;true;true;true;true;false
table_089;Планка с перестановкой рук, техника выполнения упражнения;prog_14508_175472_4;Динамическая планка на косые мышцы;291;Matched on movement pattern (стабилизация) and muscle group (core). Same equipment.;different_muscle_label;false;false;true;true;false;true;true
table_089;Планка с перестановкой рук, техника выполнения упражнения;prog_14506_175413_6;Классическая планка;291;Matched on movement pattern (стабилизация) and muscle group (core). Same equipment.;;false;false;true;true;true;true;false
table_089;Планка с перестановкой рук, техника выполнения упражнения;table_085;Латеральная планка, или боковая планка, техника выполнения упражнения;291;Matched on movement pattern (стабилизация) and muscle group (core). Same equipment.;different_muscle_label;false;false;true;true;false;true;true
table_089;Планка с перестановкой рук, техника выполнения упражнения;prog_14506_175415_6;Планка на босу;291;Matched on movement pattern (стабилизация) and muscle group (core). Same equipment.;;false;false;true;true;true;true;false
table_089;Планка с перестановкой рук, техника выполнения упражнения;prog_14506_175417_6;Планка на босу под ногами;291;Matched on movement pattern (стабилизация) and muscle group (core). Same equipment.;;false;false;true;true;true;true;false
table_090;Планка на фитболе под руками, техника выполнения упражнения;prog_14508_175472_4;Динамическая планка на косые мышцы;291;Matched on movement pattern (стабилизация) and muscle group (core). Same equipment.;different_muscle_label;false;false;true;true;false;true;true
table_090;Планка на фитболе под руками, техника выполнения упражнения;prog_14506_175413_6;Классическая планка;291;Matched on movement pattern (стабилизация) and muscle group (core). Same equipment.;;false;false;true;true;true;true;false
table_090;Планка на фитболе под руками, техника выполнения упражнения;table_085;Латеральная планка, или боковая планка, техника выполнения упражнения;291;Matched on movement pattern (стабилизация) and muscle group (core). Same equipment.;different_muscle_label;false;false;true;true;false;true;true
table_090;Планка на фитболе под руками, техника выполнения упражнения;prog_14506_175415_6;Планка на босу;291;Matched on movement pattern (стабилизация) and muscle group (core). Same equipment.;;false;false;true;true;true;true;false
table_090;Планка на фитболе под руками, техника выполнения упражнения;prog_14506_175417_6;Планка на босу под ногами;291;Matched on movement pattern (стабилизация) and muscle group (core). Same equipment.;;false;false;true;true;true;true;false
table_091;"Тяга ""Арбалет"" на заднюю дельту, техника выполнения упражнения";prog_14506_175416_6;Бабочка на заднюю дельту;226;Matched on movement pattern (разведение плеча) and muscle group (плечи задняя дельта). Same equipment.;"different_muscle_label; weak_pattern_match; different_equipment";false;false;false;false;false;false;true
table_091;"Тяга ""Арбалет"" на заднюю дельту, техника выполнения упражнения";table_049;Бабочка на заднюю дельту в кроссовере, техника выполнения упражнения;226;Matched on movement pattern (разведение плеча) and muscle group (плечи задняя дельта). Same equipment.;;false;false;true;true;true;true;false
table_091;"Тяга ""Арбалет"" на заднюю дельту, техника выполнения упражнения";prog_14508_175467_5;Задняя дельта в кроссовере стоя;226;Matched on movement pattern (разведение плеча) and muscle group (плечи задняя дельта). Same equipment.;;false;false;true;true;true;true;false
table_091;"Тяга ""Арбалет"" на заднюю дельту, техника выполнения упражнения";table_110;Махи дерижер на заднюю дельту, техника выполнения упражнения;226;Matched on movement pattern (разведение плеча) and muscle group (плечи задняя дельта). Same equipment.;;false;false;true;true;true;true;false
table_091;"Тяга ""Арбалет"" на заднюю дельту, техника выполнения упражнения";table_107;Махи на заднюю дельту на 30* скамье, техника выполнения упражнения;226;Matched on movement pattern (разведение плеча) and muscle group (плечи задняя дельта). Same equipment.;;false;false;true;true;true;true;false
table_092;Задняя дельта в кроссовере стоя, техника выполнения упражнения;prog_14506_175416_6;Бабочка на заднюю дельту;291;Matched on movement pattern (разведение плеча) and muscle group (плечи задняя дельта). Same equipment.;"different_muscle_label; weak_pattern_match; different_equipment";false;false;false;false;false;false;true
table_092;Задняя дельта в кроссовере стоя, техника выполнения упражнения;table_049;Бабочка на заднюю дельту в кроссовере, техника выполнения упражнения;291;Matched on movement pattern (разведение плеча) and muscle group (плечи задняя дельта). Same equipment.;;false;false;true;true;true;true;false
table_092;Задняя дельта в кроссовере стоя, техника выполнения упражнения;table_110;Махи дерижер на заднюю дельту, техника выполнения упражнения;291;Matched on movement pattern (разведение плеча) and muscle group (плечи задняя дельта). Same equipment.;;false;false;true;true;true;true;false
table_092;Задняя дельта в кроссовере стоя, техника выполнения упражнения;table_107;Махи на заднюю дельту на 30* скамье, техника выполнения упражнения;291;Matched on movement pattern (разведение плеча) and muscle group (плечи задняя дельта). Same equipment.;;false;false;true;true;true;true;false
table_092;Задняя дельта в кроссовере стоя, техника выполнения упражнения;prog_14509_175500_4;"Тяга ""Арбалет"" на заднюю дельту";226;Matched on movement pattern (разведение плеча) and muscle group (плечи задняя деьта). Same equipment.;;false;false;true;true;true;true;false
table_093;Планка на босу, техника выполнения упражнения;prog_14508_175472_4;Динамическая планка на косые мышцы;291;Matched on movement pattern (стабилизация) and muscle group (core). Same equipment.;different_muscle_label;false;false;true;true;false;true;true
table_093;Планка на босу, техника выполнения упражнения;prog_14506_175413_6;Классическая планка;291;Matched on movement pattern (стабилизация) and muscle group (core). Same equipment.;;false;false;true;true;true;true;false
table_093;Планка на босу, техника выполнения упражнения;table_085;Латеральная планка, или боковая планка, техника выполнения упражнения;291;Matched on movement pattern (стабилизация) and muscle group (core). Same equipment.;different_muscle_label;false;false;true;true;false;true;true
table_093;Планка на босу, техника выполнения упражнения;prog_14506_175417_6;Планка на босу под ногами;291;Matched on movement pattern (стабилизация) and muscle group (core). Same equipment.;;false;false;true;true;true;true;false
table_093;Планка на босу, техника выполнения упражнения;prog_14626_178268_6;Планка на фитболе;291;Matched on movement pattern (стабилизация) and muscle group (core). Same equipment.;"different_muscle_label; weak_pattern_match; different_equipment";false;false;false;false;false;false;true
table_094;Планка на босу под ногами, техника выполнения упражнения;prog_14508_175472_4;Динамическая планка на косые мышцы;291;Matched on movement pattern (стабилизация) and muscle group (core). Same equipment.;different_muscle_label;false;false;true;true;false;true;true
table_094;Планка на босу под ногами, техника выполнения упражнения;prog_14506_175413_6;Классическая планка;291;Matched on movement pattern (стабилизация) and muscle group (core). Same equipment.;;false;false;true;true;true;true;false
table_094;Планка на босу под ногами, техника выполнения упражнения;table_085;Латеральная планка, или боковая планка, техника выполнения упражнения;291;Matched on movement pattern (стабилизация) and muscle group (core). Same equipment.;different_muscle_label;false;false;true;true;false;true;true
table_094;Планка на босу под ногами, техника выполнения упражнения;prog_14506_175415_6;Планка на босу;291;Matched on movement pattern (стабилизация) and muscle group (core). Same equipment.;;false;false;true;true;true;true;false
table_094;Планка на босу под ногами, техника выполнения упражнения;prog_14626_178268_6;Планка на фитболе;291;Matched on movement pattern (стабилизация) and muscle group (core). Same equipment.;"different_muscle_label; weak_pattern_match; different_equipment";false;false;false;false;false;false;true
table_095;Косые скручивания с мячом, техника выполнения упражнения;prog_14670_179218_9;Велосипедные скручивания;291;Matched on movement pattern (скручивание) and muscle group (core). Same equipment.;"different_muscle_label; weak_pattern_match; different_equipment";false;false;false;false;false;false;true
table_095;Косые скручивания с мячом, техника выполнения упражнения;table_100;Велосипедные скручивания на пресс, техника выполнения упражнения;291;Matched on movement pattern (скручивание) and muscle group (core). Same equipment.;;false;false;true;true;true;true;false
table_095;Косые скручивания с мячом, техника выполнения упражнения;table_099;Касание пяток на пресс, техника выполнения упражнения;291;Matched on movement pattern (скручивание) and muscle group (core). Same equipment.;;false;false;true;true;true;true;false
table_095;Косые скручивания с мячом, техника выполнения упражнения;prog_14611_177991_8;Пресс на босу;291;Matched on movement pattern (скручивание) and muscle group (core). Same equipment.;different_muscle_label;false;false;true;true;false;true;true
table_095;Косые скручивания с мячом, техника выполнения упражнения;prog_14506_175417_5;Прямые скручивания с мячом;291;Matched on movement pattern (скручивание) and muscle group (core). Same equipment.;different_muscle_label;false;false;true;true;false;true;true
table_096;Прямые скручивания с мячом, техника выполнения упражнения;prog_14670_179218_9;Велосипедные скручивания;291;Matched on movement pattern (скручивание) and muscle group (core). Same equipment.;"different_muscle_label; weak_pattern_match; different_equipment";false;false;false;false;false;false;true
table_096;Прямые скручивания с мячом, техника выполнения упражнения;table_100;Велосипедные скручивания на пресс, техника выполнения упражнения;291;Matched on movement pattern (скручивание) and muscle group (core). Same equipment.;different_muscle_label;false;false;true;true;false;true;true
table_096;Прямые скручивания с мячом, техника выполнения упражнения;table_099;Касание пяток на пресс, техника выполнения упражнения;291;Matched on movement pattern (скручивание) and muscle group (core). Same equipment.;different_muscle_label;false;false;true;true;false;true;true
table_096;Прямые скручивания с мячом, техника выполнения упражнения;prog_14508_175469_5;Косые скручивания с мячом;291;Matched on movement pattern (скручивание) and muscle group (core). Same equipment.;different_muscle_label;false;false;true;true;false;true;true
table_096;Прямые скручивания с мячом, техника выполнения упражнения;prog_14611_177991_8;Пресс на босу;291;Matched on movement pattern (скручивание) and muscle group (core). Same equipment.;;false;false;true;true;true;true;false
table_097;Пресс на босу, техника выполнения упражнения;prog_14670_179218_9;Велосипедные скручивания;291;Matched on movement pattern (скручивание) and muscle group (core). Same equipment.;"different_muscle_label; weak_pattern_match; different_equipment";false;false;false;false;false;false;true
table_097;Пресс на босу, техника выполнения упражнения;table_100;Велосипедные скручивания на пресс, техника выполнения упражнения;291;Matched on movement pattern (скручивание) and muscle group (core). Same equipment.;different_muscle_label;false;false;true;true;false;true;true
table_097;Пресс на босу, техника выполнения упражнения;table_099;Касание пяток на пресс, техника выполнения упражнения;291;Matched on movement pattern (скручивание) and muscle group (core). Same equipment.;different_muscle_label;false;false;true;true;false;true;true
table_097;Пресс на босу, техника выполнения упражнения;prog_14508_175469_5;Косые скручивания с мячом;291;Matched on movement pattern (скручивание) and muscle group (core). Same equipment.;different_muscle_label;false;false;true;true;false;true;true
table_097;Пресс на босу, техника выполнения упражнения;prog_14506_175417_5;Прямые скручивания с мячом;291;Matched on movement pattern (скручивание) and muscle group (core). Same equipment.;;false;false;true;true;true;true;false
table_098;Скрепка на пресс, техника выполнения упражнения;prog_14670_179218_9;Велосипедные скручивания;291;Matched on movement pattern (скручивание) and muscle group (core). Same equipment.;"different_muscle_label; weak_pattern_match; different_equipment";false;false;false;false;false;false;true
table_098;Скрепка на пресс, техника выполнения упражнения;table_100;Велосипедные скручивания на пресс, техника выполнения упражнения;291;Matched on movement pattern (скручивание) and muscle group (core). Same equipment.;different_muscle_label;false;false;true;true;false;true;true
table_098;Скрепка на пресс, техника выполнения упражнения;table_099;Касание пяток на пресс, техника выполнения упражнения;291;Matched on movement pattern (скручивание) and muscle group (core). Same equipment.;different_muscle_label;false;false;true;true;false;true;true
table_098;Скрепка на пресс, техника выполнения упражнения;prog_14508_175469_5;Косые скручивания с мячом;291;Matched on movement pattern (скручивание) and muscle group (core). Same equipment.;different_muscle_label;false;false;true;true;false;true;true
table_098;Скрепка на пресс, техника выполнения упражнения;prog_14611_177991_8;Пресс на босу;291;Matched on movement pattern (скручивание) and muscle group (core). Same equipment.;;false;false;true;true;true;true;false
table_099;Касание пяток на пресс, техника выполнения упражнения;prog_14670_179218_9;Велосипедные скручивания;291;Matched on movement pattern (скручивание) and muscle group (core). Same equipment.;"different_muscle_label; weak_pattern_match; different_equipment";false;false;false;false;false;false;true
table_099;Касание пяток на пресс, техника выполнения упражнения;table_100;Велосипедные скручивания на пресс, техника выполнения упражнения;291;Matched on movement pattern (скручивание) and muscle group (core). Same equipment.;;false;false;true;true;true;true;false
table_099;Касание пяток на пресс, техника выполнения упражнения;prog_14508_175469_5;Косые скручивания с мячом;291;Matched on movement pattern (скручивание) and muscle group (core). Same equipment.;;false;false;true;true;true;true;false
table_099;Касание пяток на пресс, техника выполнения упражнения;prog_14611_177991_8;Пресс на босу;291;Matched on movement pattern (скручивание) and muscle group (core). Same equipment.;different_muscle_label;false;false;true;true;false;true;true
table_099;Касание пяток на пресс, техника выполнения упражнения;prog_14506_175417_5;Прямые скручивания с мячом;291;Matched on movement pattern (скручивание) and muscle group (core). Same equipment.;different_muscle_label;false;false;true;true;false;true;true
table_100;Велосипедные скручивания на пресс, техника выполнения упражнения;prog_14670_179218_9;Велосипедные скручивания;291;Matched on movement pattern (скручивание) and muscle group (core). Same equipment.;"different_muscle_label; weak_pattern_match; different_equipment";false;false;false;false;false;false;true
table_100;Велосипедные скручивания на пресс, техника выполнения упражнения;table_099;Касание пяток на пресс, техника выполнения упражнения;291;Matched on movement pattern (скручивание) and muscle group (core). Same equipment.;;false;false;true;true;true;true;false
table_100;Велосипедные скручивания на пресс, техника выполнения упражнения;prog_14508_175469_5;Косые скручивания с мячом;291;Matched on movement pattern (скручивание) and muscle group (core). Same equipment.;;false;false;true;true;true;true;false
table_100;Велосипедные скручивания на пресс, техника выполнения упражнения;prog_14611_177991_8;Пресс на босу;291;Matched on movement pattern (скручивание) and muscle group (core). Same equipment.;different_muscle_label;false;false;true;true;false;true;true
table_100;Велосипедные скручивания на пресс, техника выполнения упражнения;prog_14506_175417_5;Прямые скручивания с мячом;291;Matched on movement pattern (скручивание) and muscle group (core). Same equipment.;different_muscle_label;false;false;true;true;false;true;true
table_101;Скручивания на полу на пресс, техника выполнения упражнения;prog_14670_179218_9;Велосипедные скручивания;291;Matched on movement pattern (скручивание) and muscle group (core). Same equipment.;"different_muscle_label; weak_pattern_match; different_equipment";false;false;false;false;false;false;true
table_101;Скручивания на полу на пресс, техника выполнения упражнения;table_100;Велосипедные скручивания на пресс, техника выполнения упражнения;291;Matched on movement pattern (скручивание) and muscle group (core). Same equipment.;different_muscle_label;false;false;true;true;false;true;true
table_101;Скручивания на полу на пресс, техника выполнения упражнения;table_099;Касание пяток на пресс, техника выполнения упражнения;291;Matched on movement pattern (скручивание) and muscle group (core). Same equipment.;different_muscle_label;false;false;true;true;false;true;true
table_101;Скручивания на полу на пресс, техника выполнения упражнения;prog_14508_175469_5;Косые скручивания с мячом;291;Matched on movement pattern (скручивание) and muscle group (core). Same equipment.;different_muscle_label;false;false;true;true;false;true;true
table_101;Скручивания на полу на пресс, техника выполнения упражнения;prog_14611_177991_8;Пресс на босу;291;Matched on movement pattern (скручивание) and muscle group (core). Same equipment.;;false;false;true;true;true;true;false
table_102;Классическая планка, техника выполнения упражнения;prog_14508_175472_4;Динамическая планка на косые мышцы;291;Matched on movement pattern (стабилизация) and muscle group (core). Same equipment.;different_muscle_label;false;false;true;true;false;true;true
table_102;Классическая планка, техника выполнения упражнения;table_085;Латеральная планка, или боковая планка, техника выполнения упражнения;291;Matched on movement pattern (стабилизация) and muscle group (core). Same equipment.;different_muscle_label;false;false;true;true;false;true;true
table_102;Классическая планка, техника выполнения упражнения;prog_14506_175415_6;Планка на босу;291;Matched on movement pattern (стабилизация) and muscle group (core). Same equipment.;;false;false;true;true;true;true;false
table_102;Классическая планка, техника выполнения упражнения;prog_14506_175417_6;Планка на босу под ногами;291;Matched on movement pattern (стабилизация) and muscle group (core). Same equipment.;;false;false;true;true;true;true;false
table_102;Классическая планка, техника выполнения упражнения;prog_14626_178268_6;Планка на фитболе;291;Matched on movement pattern (стабилизация) and muscle group (core). Same equipment.;"different_muscle_label; weak_pattern_match; different_equipment";false;false;false;false;false;false;true
table_103;Классические отжимания, техника выполнения упражнения;prog_14496_175210_3;Классические отжимания 10 раз;291;Matched on movement pattern (горизонтальный жим) and muscle group (грудь). Same equipment.;duplicate_or_same_base_name;true;true;true;true;true;true;true
table_103;Классические отжимания, техника выполнения упражнения;prog_14639_178461_3;Гильотина;211;Matched on movement pattern (горизонтальный жим) and muscle group (грудь). Same equipment.;different_muscle_label;false;false;true;true;false;true;true
table_103;Классические отжимания, техника выполнения упражнения;prog_14687_179633_1;Жим в смитте;211;Matched on movement pattern (горизонтальный жим) and muscle group (грудь). Same equipment.;different_muscle_label;false;false;true;true;false;true;true
table_103;Классические отжимания, техника выполнения упражнения;table_027;Жим в хаммере на верх груди, техника выполнения упражнения;211;Matched on movement pattern (горизонтальный жим) and muscle group (грудь). Same equipment.;different_muscle_label;false;false;true;true;false;true;true
table_103;Классические отжимания, техника выполнения упражнения;table_015;Жим в хаммере на низ груди, техника выполнения упражнения;211;Matched on movement pattern (горизонтальный жим) and muscle group (грудь). Same equipment.;different_muscle_label;false;false;true;true;false;true;true
table_104;Динамическая планка на косые мышцы, техника выполнения упражнения;prog_14506_175413_6;Классическая планка;291;Matched on movement pattern (стабилизация) and muscle group (core). Same equipment.;different_muscle_label;false;false;true;true;false;true;true
table_104;Динамическая планка на косые мышцы, техника выполнения упражнения;table_085;Латеральная планка, или боковая планка, техника выполнения упражнения;291;Matched on movement pattern (стабилизация) and muscle group (core). Same equipment.;;false;false;true;true;true;true;false
table_104;Динамическая планка на косые мышцы, техника выполнения упражнения;prog_14506_175415_6;Планка на босу;291;Matched on movement pattern (стабилизация) and muscle group (core). Same equipment.;different_muscle_label;false;false;true;true;false;true;true
table_104;Динамическая планка на косые мышцы, техника выполнения упражнения;prog_14506_175417_6;Планка на босу под ногами;291;Matched on movement pattern (стабилизация) and muscle group (core). Same equipment.;different_muscle_label;false;false;true;true;false;true;true
table_104;Динамическая планка на косые мышцы, техника выполнения упражнения;prog_14626_178268_6;Планка на фитболе;291;Matched on movement pattern (стабилизация) and muscle group (core). Same equipment.;"different_muscle_label; weak_pattern_match; different_equipment";false;false;false;false;false;false;true
table_105;Изодинамические махи гантелями, техника выполнения упражнения;table_188;Дуговые махи гантелями стоя, техника выполнения упражнения;291;Matched on movement pattern (отведение плеча) and muscle group (плечи). Same equipment.;;false;false;true;true;true;true;false
table_105;Изодинамические махи гантелями, техника выполнения упражнения;prog_14523_175813_5;Изодинамические махи;291;Matched on movement pattern (отведение плеча) and muscle group (плечи). Same equipment.;"different_muscle_label; weak_pattern_match; different_equipment";false;false;false;false;false;false;true
table_105;Изодинамические махи гантелями, техника выполнения упражнения;table_063;Изодинамические махи гантелями сидя, техника выполнения упражнения;291;Matched on movement pattern (отведение плеча) and muscle group (плечи). Same equipment.;;false;false;true;true;true;true;false
table_105;Изодинамические махи гантелями, техника выполнения упражнения;prog_14524_175844_4;Махи гантелями;291;Matched on movement pattern (отведение плеча) and muscle group (плечи). Same equipment.;"different_muscle_label; weak_pattern_match; different_equipment";false;false;false;false;false;false;true
table_105;Изодинамические махи гантелями, техника выполнения упражнения;table_189;Махи гантелями стоя, техника выполнения упражнения;291;Matched on movement pattern (отведение плеча) and muscle group (плечи). Same equipment.;;false;false;true;true;true;true;false
table_106;Дуговые махи гантелями, техника выполнения упражнения;prog_14508_175470_4;Дуговые махи;291;Matched on movement pattern (отведение плеча) and muscle group (плечи). Same equipment.;"different_muscle_label; weak_pattern_match; different_equipment";false;false;false;false;false;false;true
table_106;Дуговые махи гантелями, техника выполнения упражнения;table_188;Дуговые махи гантелями стоя, техника выполнения упражнения;256;Matched on movement pattern (отведение плеча) and muscle group (плечи). Same equipment.;different_muscle_label;false;false;true;true;false;true;true
table_106;Дуговые махи гантелями, техника выполнения упражнения;prog_14523_175813_5;Изодинамические махи;256;Matched on movement pattern (отведение плеча) and muscle group (плечи). Same equipment.;"different_muscle_label; weak_pattern_match; different_equipment";false;false;false;false;false;false;true
table_106;Дуговые махи гантелями, техника выполнения упражнения;table_063;Изодинамические махи гантелями сидя, техника выполнения упражнения;256;Matched on movement pattern (отведение плеча) and muscle group (плечи). Same equipment.;different_muscle_label;false;false;true;true;false;true;true
table_106;Дуговые махи гантелями, техника выполнения упражнения;table_105;Изодинамические махи гантелями, техника выполнения упражнения;256;Matched on movement pattern (отведение плеча) and muscle group (плечи). Same equipment.;different_muscle_label;false;false;true;true;false;true;true
table_107;Махи на заднюю дельту на 30* скамье, техника выполнения упражнения;prog_14506_175416_6;Бабочка на заднюю дельту;291;Matched on movement pattern (разведение плеча) and muscle group (плечи задняя дельта). Same equipment.;"different_muscle_label; weak_pattern_match; different_equipment";false;false;false;false;false;false;true
table_107;Махи на заднюю дельту на 30* скамье, техника выполнения упражнения;table_049;Бабочка на заднюю дельту в кроссовере, техника выполнения упражнения;291;Matched on movement pattern (разведение плеча) and muscle group (плечи задняя дельта). Same equipment.;;false;false;true;true;true;true;false
table_107;Махи на заднюю дельту на 30* скамье, техника выполнения упражнения;prog_14508_175467_5;Задняя дельта в кроссовере стоя;291;Matched on movement pattern (разведение плеча) and muscle group (плечи задняя дельта). Same equipment.;;false;false;true;true;true;true;false
table_107;Махи на заднюю дельту на 30* скамье, техника выполнения упражнения;table_110;Махи дерижер на заднюю дельту, техника выполнения упражнения;291;Matched on movement pattern (разведение плеча) and muscle group (плечи задняя дельта). Same equipment.;;false;false;true;true;true;true;false
table_107;Махи на заднюю дельту на 30* скамье, техника выполнения упражнения;prog_14509_175500_4;"Тяга ""Арбалет"" на заднюю дельту";226;Matched on movement pattern (разведение плеча) and muscle group (плечи задняя деьта). Same equipment.;;false;false;true;true;true;true;false
table_108;Планка с перестановкой ног, техника выполнения упражнения;prog_14508_175472_4;Динамическая планка на косые мышцы;291;Matched on movement pattern (стабилизация) and muscle group (core). Same equipment.;different_muscle_label;false;false;true;true;false;true;true
table_108;Планка с перестановкой ног, техника выполнения упражнения;prog_14506_175413_6;Классическая планка;291;Matched on movement pattern (стабилизация) and muscle group (core). Same equipment.;;false;false;true;true;true;true;false
table_108;Планка с перестановкой ног, техника выполнения упражнения;table_085;Латеральная планка, или боковая планка, техника выполнения упражнения;291;Matched on movement pattern (стабилизация) and muscle group (core). Same equipment.;different_muscle_label;false;false;true;true;false;true;true
table_108;Планка с перестановкой ног, техника выполнения упражнения;prog_14506_175415_6;Планка на босу;291;Matched on movement pattern (стабилизация) and muscle group (core). Same equipment.;;false;false;true;true;true;true;false
table_108;Планка с перестановкой ног, техника выполнения упражнения;prog_14506_175417_6;Планка на босу под ногами;291;Matched on movement pattern (стабилизация) and muscle group (core). Same equipment.;;false;false;true;true;true;true;false
table_109;Подъемы ног на пресс, техника выполнения упражнения;prog_14506_175416_7;Подъемы ног;291;Matched on movement pattern (подъем ног) and muscle group (core). Same equipment.;"different_muscle_label; weak_pattern_match; different_equipment";false;false;false;false;false;false;true
table_109;Подъемы ног на пресс, техника выполнения упражнения;prog_14507_175429_5;Подъемы ног на скамье для пресса;291;Matched on movement pattern (подъем ног) and muscle group (core). Same equipment.;;false;false;true;true;true;true;false
table_110;Махи дерижер на заднюю дельту, техника выполнения упражнения;prog_14506_175416_6;Бабочка на заднюю дельту;291;Matched on movement pattern (разведение плеча) and muscle group (плечи задняя дельта). Same equipment.;"different_muscle_label; weak_pattern_match; different_equipment";false;false;false;false;false;false;true
table_110;Махи дерижер на заднюю дельту, техника выполнения упражнения;table_049;Бабочка на заднюю дельту в кроссовере, техника выполнения упражнения;291;Matched on movement pattern (разведение плеча) and muscle group (плечи задняя дельта). Same equipment.;;false;false;true;true;true;true;false
table_110;Махи дерижер на заднюю дельту, техника выполнения упражнения;prog_14508_175467_5;Задняя дельта в кроссовере стоя;291;Matched on movement pattern (разведение плеча) and muscle group (плечи задняя дельта). Same equipment.;;false;false;true;true;true;true;false
table_110;Махи дерижер на заднюю дельту, техника выполнения упражнения;table_107;Махи на заднюю дельту на 30* скамье, техника выполнения упражнения;291;Matched on movement pattern (разведение плеча) and muscle group (плечи задняя дельта). Same equipment.;;false;false;true;true;true;true;false
table_110;Махи дерижер на заднюю дельту, техника выполнения упражнения;prog_14509_175500_4;"Тяга ""Арбалет"" на заднюю дельту";226;Matched on movement pattern (разведение плеча) and muscle group (плечи задняя деьта). Same equipment.;;false;false;true;true;true;true;false
table_111;Присед с точкой опоры, техника выполнения упражнения;prog_14674_179334_2;Гак присед;291;Matched on movement pattern (приседание) and muscle group (ноги). Same equipment.;different_muscle_label;false;false;true;true;false;true;true
table_111;Присед с точкой опоры, техника выполнения упражнения;prog_14672_179290_5;Плеометрический гак присед;291;Matched on movement pattern (приседание) and muscle group (ноги). Same equipment.;"different_muscle_label; weak_pattern_match; different_equipment";false;false;false;false;false;false;true
table_111;Присед с точкой опоры, техника выполнения упражнения;table_124;Приседание в кроссовере, техника выполнения упражнения;291;Matched on movement pattern (приседание) and muscle group (ноги). Same equipment.;;false;false;true;true;true;true;false
table_111;Присед с точкой опоры, техника выполнения упражнения;table_026;Приседания в смите, техника выполнения упражнения;291;Matched on movement pattern (приседание) and muscle group (ноги). Same equipment.;;false;false;true;true;true;true;false
table_111;Присед с точкой опоры, техника выполнения упражнения;table_146;Приседания с паузой, техника выполнения упражнений;291;Matched on movement pattern (приседание) and muscle group (ноги). Same equipment.;;false;false;true;true;true;true;false
table_112;Ягодицы с канатом в кроссовере, техника выполнения упражнения;prog_14519_175719_6;Махи на ягодицы в кроссовере.;291;Matched on movement pattern (разгибание бедра) and muscle group (ягодицы). Same equipment.;;false;false;true;true;true;true;false
table_112;Ягодицы с канатом в кроссовере, техника выполнения упражнения;prog_14508_175467_3;Ягодицы в тренажере;291;Matched on movement pattern (разгибание бедра) and muscle group (ягодицы). Same equipment.;;false;false;true;true;true;true;false
table_113;Гильотина, техника выполнения упражнения;table_027;Жим в хаммере на верх груди, техника выполнения упражнения;291;Matched on movement pattern (горизонтальный жим) and muscle group (грудь). Same equipment.;;false;false;true;true;true;true;false
table_113;Гильотина, техника выполнения упражнения;table_048;Жим гантелей на 30* скамье, техника выполнения упражнения;291;Matched on movement pattern (горизонтальный жим) and muscle group (грудь). Same equipment.;;false;false;true;true;true;true;false
table_113;Гильотина, техника выполнения упражнения;prog_14518_175697_1;Изодинамический жим гантелей на 30* скамье;291;Matched on movement pattern (горизонтальный жим) and muscle group (грудь). Same equipment.;;false;false;true;true;true;true;false
table_113;Гильотина, техника выполнения упражнения;prog_14503_175330_2;Суперсет на верх груди в смитте;291;Matched on movement pattern (горизонтальный жим) and muscle group (грудь). Same equipment.;;false;false;true;true;true;true;false
table_113;Гильотина, техника выполнения упражнения;prog_14477_174879_1;Жим штанги под углом;286;Matched on movement pattern (горизонтальный жим) and muscle group (грудь). Same equipment.;;false;false;true;true;true;true;false
table_114;Бабочка на большие грудные мышцы, техника выполнения упражнения;prog_14506_175418_2;Бабочка на большие грудные;291;Matched on movement pattern (сведение рук) and muscle group (грудь). Same equipment.;"different_muscle_label; weak_pattern_match; different_equipment";false;false;false;false;false;false;true
table_114;Бабочка на большие грудные мышцы, техника выполнения упражнения;prog_14523_175811_3;Сведение рук в кроссовере;291;Matched on movement pattern (сведение рук) and muscle group (грудь). Same equipment.;;false;false;true;true;true;true;false
table_114;Бабочка на большие грудные мышцы, техника выполнения упражнения;prog_14500_175273_2;Сведение рук в кроссовере 10 раз;291;Matched on movement pattern (сведение рук) and muscle group (грудь). Same equipment.;;false;false;true;true;true;true;false
table_114;Бабочка на большие грудные мышцы, техника выполнения упражнения;prog_14501_175296_2;Сведение рук в кроссовере на 30* скамье;291;Matched on movement pattern (сведение рук) and muscle group (грудь). Same equipment.;"different_muscle_label; weak_pattern_match; different_equipment";false;false;false;false;false;false;true
table_114;Бабочка на большие грудные мышцы, техника выполнения упражнения;prog_14583_177306_3;Сведение рук в кроссовере на 30* скамье 10 раз;291;Matched on movement pattern (сведение рук) and muscle group (грудь). Same equipment.;"different_muscle_label; weak_pattern_match; different_equipment";false;false;false;false;false;false;true
table_115;Ягодицы в тренажере, техника выполнения упражнения;prog_14519_175719_6;Махи на ягодицы в кроссовере.;291;Matched on movement pattern (разгибание бедра) and muscle group (ягодицы). Same equipment.;;false;false;true;true;true;true;false
table_115;Ягодицы в тренажере, техника выполнения упражнения;table_112;Ягодицы с канатом в кроссовере, техника выполнения упражнения;291;Matched on movement pattern (разгибание бедра) and muscle group (ягодицы). Same equipment.;;false;false;true;true;true;true;false
table_116;Ягодичный мост на полу, техника выполнения упражнения;prog_14508_175464_3;Ягодичный мост в смитте;291;Matched on movement pattern (разгибание таза) and muscle group (ягодицы). Same equipment.;;false;false;true;true;true;true;false
table_116;Ягодичный мост на полу, техника выполнения упражнения;prog_14506_175414_4;Ягодичный мост в тренажере;291;Matched on movement pattern (разгибание таза) and muscle group (ягодицы). Same equipment.;;false;false;true;true;true;true;false
table_116;Ягодичный мост на полу, техника выполнения упражнения;prog_14507_175434_3;Ягодичный мост со штангой;286;Matched on movement pattern (разгибание таза) and muscle group (ягодицы). Same equipment.;;false;false;true;true;true;true;false
table_117;Махи на ягодицы в кроссовере, техника выполнения упражнения;prog_14508_175467_3;Ягодицы в тренажере;291;Matched on movement pattern (разгибание бедра) and muscle group (ягодицы). Same equipment.;;false;false;true;true;true;true;false
table_117;Махи на ягодицы в кроссовере, техника выполнения упражнения;table_112;Ягодицы с канатом в кроссовере, техника выполнения упражнения;291;Matched on movement pattern (разгибание бедра) and muscle group (ягодицы). Same equipment.;;false;false;true;true;true;true;false
table_118;Ягодичный мост в тренажере, техника выполнения упражнения;prog_14508_175464_3;Ягодичный мост в смитте;291;Matched on movement pattern (разгибание таза) and muscle group (ягодицы). Same equipment.;;false;false;true;true;true;true;false
table_118;Ягодичный мост в тренажере, техника выполнения упражнения;table_116;Ягодичный мост на полу, техника выполнения упражнения;291;Matched on movement pattern (разгибание таза) and muscle group (ягодицы). Same equipment.;;false;false;true;true;true;true;false
table_118;Ягодичный мост в тренажере, техника выполнения упражнения;prog_14507_175434_3;Ягодичный мост со штангой;286;Matched on movement pattern (разгибание таза) and muscle group (ягодицы). Same equipment.;;false;false;true;true;true;true;false
table_119;Болгарский присед, техника выполнения упражнения;prog_14506_175416_3;Выпады со штангой;291;Matched on movement pattern (выпад) and muscle group (ноги ягодицы). Same equipment.;"different_muscle_label; weak_pattern_match; different_equipment";false;false;false;false;false;false;true
table_119;Болгарский присед, техника выполнения упражнения;table_032;Выпады со штангой на ягодицы, техника выполнения упражнения;291;Matched on movement pattern (выпад) and muscle group (ноги ягодицы). Same equipment.;different_muscle_label;false;false;true;true;false;true;true
table_119;Болгарский присед, техника выполнения упражнения;prog_14506_175414_3;Выпады в кроссовере;286;Matched on movement pattern (выпад) and muscle group (ноги ягодицы). Same equipment.;;false;false;true;true;true;true;false
table_119;Болгарский присед, техника выполнения упражнения;table_029;Выпады в смитте, техника выполнения упражнения;286;Matched on movement pattern (выпад) and muscle group (ноги ягодицы). Same equipment.;;false;false;true;true;true;true;false
table_119;Болгарский присед, техника выполнения упражнения;prog_14508_175446_2;Выпады с гантелями;186;Matched on movement pattern (выпад) and muscle group (ноги). Same equipment.;different_muscle_label;false;false;true;true;false;true;true
table_120;Гиперэкстензия, техника выполнения упражнения;table_152;Тяга до колена, техника выполнения упражнения;211;Matched on movement pattern (разгибание таза) and muscle group (спина). Same equipment.;different_muscle_label;false;false;true;true;false;true;true
table_120;Гиперэкстензия, техника выполнения упражнения;table_147;Тяга из ямы, техника выполнения упражнения;211;Matched on movement pattern (разгибание таза) and muscle group (спина). Same equipment.;different_muscle_label;false;false;true;true;false;true;true
table_120;Гиперэкстензия, техника выполнения упражнения;table_151;Тяга со стоек, техника выполнения упражнения;211;Matched on movement pattern (разгибание таза) and muscle group (спина). Same equipment.;different_muscle_label;false;false;true;true;false;true;true
table_120;Гиперэкстензия, техника выполнения упражнения;prog_14506_175417_1;Румынская тяга;206;Matched on movement pattern (разгибание таза) and muscle group (спина). Same equipment.;different_muscle_label;false;false;true;true;false;true;true
table_120;Гиперэкстензия, техника выполнения упражнения;prog_14519_175718_1;Становая тяга;206;Matched on movement pattern (разгибание таза) and muscle group (спина). Same equipment.;different_muscle_label;false;false;true;true;false;true;true
table_121;Румынская тяга, техника выполнения упражнения;prog_14519_175718_1;Становая тяга;256;Matched on movement pattern (разгибание таза) and muscle group (спина). Same equipment.;different_muscle_label;false;false;true;true;false;true;true
table_121;Румынская тяга, техника выполнения упражнения;prog_14682_179494_1;Становая тяга сумо;256;Matched on movement pattern (разгибание таза) and muscle group (спина). Same equipment.;different_muscle_label;false;false;true;true;false;true;true
table_121;Румынская тяга, техника выполнения упражнения;table_152;Тяга до колена, техника выполнения упражнения;251;Matched on movement pattern (разгибание таза) and muscle group (спина). Same equipment.;different_muscle_label;false;false;true;true;false;true;true
table_121;Румынская тяга, техника выполнения упражнения;table_147;Тяга из ямы, техника выполнения упражнения;251;Matched on movement pattern (разгибание таза) and muscle group (спина). Same equipment.;different_muscle_label;false;false;true;true;false;true;true
table_121;Румынская тяга, техника выполнения упражнения;table_151;Тяга со стоек, техника выполнения упражнения;251;Matched on movement pattern (разгибание таза) and muscle group (спина). Same equipment.;different_muscle_label;false;false;true;true;false;true;true
table_122;Мёртвая тяга, техника выполнения упражнения;prog_14681_179486_6;Мертвая тяга 12 раз;291;Matched on movement pattern (разгибание таза) and muscle group (ноги бицепс бедра). Same equipment.;duplicate_or_same_base_name;true;true;true;true;true;true;true
table_122;Мёртвая тяга, техника выполнения упражнения;prog_14506_175417_1;Румынская тяга;226;Matched on movement pattern (разгибание таза) and muscle group (спина). Same equipment.;;false;false;true;true;true;true;false
table_122;Мёртвая тяга, техника выполнения упражнения;prog_14519_175718_1;Становая тяга;191;Matched on movement pattern (разгибание таза) and muscle group (спина). Same equipment.;different_muscle_label;false;false;true;true;false;true;true
table_122;Мёртвая тяга, техника выполнения упражнения;prog_14682_179494_1;Становая тяга сумо;191;Matched on movement pattern (разгибание таза) and muscle group (спина). Same equipment.;different_muscle_label;false;false;true;true;false;true;true
table_122;Мёртвая тяга, техника выполнения упражнения;table_152;Тяга до колена, техника выполнения упражнения;186;Matched on movement pattern (разгибание таза) and muscle group (спина). Same equipment.;different_muscle_label;false;false;true;true;false;true;true
table_123;Разгибание ног, техника выполнения упражнения;prog_14673_179304_4;Разгибание ног 10 раз;291;Matched on movement pattern (разгибание ног) and muscle group (ноги). Same equipment.;duplicate_or_same_base_name;true;true;true;true;true;true;true
table_124;Приседание в кроссовере, техника выполнения упражнения;prog_14674_179334_2;Гак присед;291;Matched on movement pattern (приседание) and muscle group (ноги). Same equipment.;different_muscle_label;false;false;true;true;false;true;true
table_124;Приседание в кроссовере, техника выполнения упражнения;prog_14672_179290_5;Плеометрический гак присед;291;Matched on movement pattern (приседание) and muscle group (ноги). Same equipment.;"different_muscle_label; weak_pattern_match; different_equipment";false;false;false;false;false;false;true
table_124;Приседание в кроссовере, техника выполнения упражнения;table_111;Присед с точкой опоры, техника выполнения упражнения;291;Matched on movement pattern (приседание) and muscle group (ноги). Same equipment.;;false;false;true;true;true;true;false
table_124;Приседание в кроссовере, техника выполнения упражнения;table_026;Приседания в смите, техника выполнения упражнения;291;Matched on movement pattern (приседание) and muscle group (ноги). Same equipment.;;false;false;true;true;true;true;false
table_124;Приседание в кроссовере, техника выполнения упражнения;table_146;Приседания с паузой, техника выполнения упражнений;291;Matched on movement pattern (приседание) and muscle group (ноги). Same equipment.;;false;false;true;true;true;true;false
table_125;Раводка под 15*, техника выполнения упражнения;prog_14519_175721_3;Дуговая разводка;211;Matched on movement pattern (разведение рук) and muscle group (грудь). Same equipment.;different_muscle_label;false;false;true;true;false;true;true
table_126;Отжимания в тренажёре смитта, техника выполнения упражнения;prog_14687_179633_1;Жим в смитте;291;Matched on movement pattern (горизонтальный жим) and muscle group (грудь). Same equipment.;;false;false;true;true;true;true;false
table_126;Отжимания в тренажёре смитта, техника выполнения упражнения;prog_14508_175462_2;Жим гантелей лежа;291;Matched on movement pattern (горизонтальный жим) and muscle group (грудь). Same equipment.;;false;false;true;true;true;true;false
table_126;Отжимания в тренажёре смитта, техника выполнения упражнения;prog_14508_175465_1;Жим гантелей лёжа на скамье 30*;291;Matched on movement pattern (горизонтальный жим) and muscle group (грудь). Same equipment.;"different_muscle_label; weak_pattern_match; different_equipment";false;false;false;false;false;false;true
table_126;Отжимания в тренажёре смитта, техника выполнения упражнения;table_150;Жим с паузой, техника выполнения упражнения;291;Matched on movement pattern (горизонтальный жим) and muscle group (грудь). Same equipment.;;false;false;true;true;true;true;false
table_126;Отжимания в тренажёре смитта, техника выполнения упражнения;table_023;Классический жим от груди в тренажёре, техника выполнения упражнения;291;Matched on movement pattern (горизонтальный жим) and muscle group (грудь). Same equipment.;;false;false;true;true;true;true;false
table_127;Вертикальная тяга, техника выполнения упражнения;prog_14508_175463_2;Вертикальная тяга обратным хватом;291;Matched on movement pattern (вертикальная тяга) and muscle group (спина). Same equipment.;different_muscle_label;false;false;true;true;false;true;true
table_127;Вертикальная тяга, техника выполнения упражнения;prog_14508_175466_2;Вертикальная тяга узким хватом;291;Matched on movement pattern (вертикальная тяга) and muscle group (спина). Same equipment.;;false;false;true;true;true;true;false
table_127;Вертикальная тяга, техника выполнения упражнения;prog_14506_175419_3;Вертикальная тяга широким хватом;291;Matched on movement pattern (вертикальная тяга) and muscle group (спина). Same equipment.;"different_muscle_label; weak_pattern_match; different_equipment";false;false;false;false;false;false;true
table_127;Вертикальная тяга, техника выполнения упражнения;prog_14694_179733_2;Подтягивания в гравитроне обратным хватом;291;Matched on movement pattern (вертикальная тяга) and muscle group (спина). Same equipment.;different_muscle_label;false;false;true;true;false;true;true
table_127;Вертикальная тяга, техника выполнения упражнения;prog_14506_175413_2;Подтягивания в гравитроне параллельным хватом;291;Matched on movement pattern (вертикальная тяга) and muscle group (спина). Same equipment.;different_muscle_label;false;false;true;true;false;true;true
table_128;Суперсет на верх груди в смитте, техника выполнения упражнения;prog_14639_178461_3;Гильотина;291;Matched on movement pattern (горизонтальный жим) and muscle group (грудь). Same equipment.;;false;false;true;true;true;true;false
table_128;Суперсет на верх груди в смитте, техника выполнения упражнения;table_027;Жим в хаммере на верх груди, техника выполнения упражнения;291;Matched on movement pattern (горизонтальный жим) and muscle group (грудь). Same equipment.;;false;false;true;true;true;true;false
table_128;Суперсет на верх груди в смитте, техника выполнения упражнения;table_048;Жим гантелей на 30* скамье, техника выполнения упражнения;291;Matched on movement pattern (горизонтальный жим) and muscle group (грудь). Same equipment.;;false;false;true;true;true;true;false
table_128;Суперсет на верх груди в смитте, техника выполнения упражнения;prog_14518_175697_1;Изодинамический жим гантелей на 30* скамье;291;Matched on movement pattern (горизонтальный жим) and muscle group (грудь). Same equipment.;;false;false;true;true;true;true;false
table_128;Суперсет на верх груди в смитте, техника выполнения упражнения;prog_14477_174879_1;Жим штанги под углом;286;Matched on movement pattern (горизонтальный жим) and muscle group (грудь). Same equipment.;;false;false;true;true;true;true;false
table_129;Жим узким хватом в смитте, техника выполнения упражнения;prog_14561_176741_5;Жим гирей с пола;291;Matched on movement pattern (горизонтальный жим) and muscle group (трицепс). Same equipment.;;false;false;true;true;true;true;false
table_129;Жим узким хватом в смитте, техника выполнения упражнения;prog_14532_176082_4;Жим с пола узким хватом;291;Matched on movement pattern (горизонтальный жим) and muscle group (трицепс). Same equipment.;;false;false;true;true;true;true;false
table_129;Жим узким хватом в смитте, техника выполнения упражнения;prog_14508_175462_4;Жим узким хватом;291;Matched on movement pattern (горизонтальный жим) and muscle group (трицепс). Same equipment.;"different_muscle_label; weak_pattern_match; different_equipment";false;false;false;false;false;false;true
table_129;Жим узким хватом в смитте, техника выполнения упражнения;prog_14523_175808_4;Калифорнийский жим в смитте;291;Matched on movement pattern (горизонтальный жим) and muscle group (трицепс). Same equipment.;;false;false;true;true;true;true;false
table_129;Жим узким хватом в смитте, техника выполнения упражнения;prog_14523_175811_5;Отжимания узким хватом;291;Matched on movement pattern (горизонтальный жим) and muscle group (трицепс). Same equipment.;;false;false;true;true;true;true;false
table_130;Французский жим в смитте, техника выполнения упражнения;prog_14506_175416_5;Обратные отжимания;291;Matched on movement pattern (разгибание локтя) and muscle group (трицепс). Same equipment.;;false;false;true;true;true;true;false
table_130;Французский жим в смитте, техника выполнения упражнения;prog_14532_176076_5;Отжимания с гантелей на трицепс;291;Matched on movement pattern (разгибание локтя) and muscle group (трицепс). Same equipment.;;false;false;true;true;true;true;false
table_130;Французский жим в смитте, техника выполнения упражнения;table_142;Отжимания с гантелей на трицепс, техника выполнения упражнений;291;Matched on movement pattern (разгибание локтя) and muscle group (трицепс). Same equipment.;;false;false;true;true;true;true;false
table_130;Французский жим в смитте, техника выполнения упражнения;table_133;Разгибание на трицепс в кроссовере с канатной рукояткой, техника выполнения упражнения;291;Matched on movement pattern (разгибание локтя) and muscle group (трицепс). Same equipment.;;false;false;true;true;true;true;false
table_130;Французский жим в смитте, техника выполнения упражнения;table_136;Разгибание на трицепс в кроссовере, техника выполнения упражнения;291;Matched on movement pattern (разгибание локтя) and muscle group (трицепс). Same equipment.;;false;false;true;true;true;true;false
table_131;Калифорнийский жим, в смитте, техника выполнения упражнения;prog_14561_176741_5;Жим гирей с пола;291;Matched on movement pattern (горизонтальный жим) and muscle group (трицепс). Same equipment.;;false;false;true;true;true;true;false
table_131;Калифорнийский жим, в смитте, техника выполнения упражнения;prog_14532_176082_4;Жим с пола узким хватом;291;Matched on movement pattern (горизонтальный жим) and muscle group (трицепс). Same equipment.;;false;false;true;true;true;true;false
table_131;Калифорнийский жим, в смитте, техника выполнения упражнения;prog_14508_175462_4;Жим узким хватом;291;Matched on movement pattern (горизонтальный жим) and muscle group (трицепс). Same equipment.;"different_muscle_label; weak_pattern_match; different_equipment";false;false;false;false;false;false;true
table_131;Калифорнийский жим, в смитте, техника выполнения упражнения;prog_14524_175851_4;Жим узким хватом в смитте;291;Matched on movement pattern (горизонтальный жим) and muscle group (трицепс). Same equipment.;;false;false;true;true;true;true;false
table_131;Калифорнийский жим, в смитте, техника выполнения упражнения;prog_14523_175811_5;Отжимания узким хватом;291;Matched on movement pattern (горизонтальный жим) and muscle group (трицепс). Same equipment.;;false;false;true;true;true;true;false
table_132;Разгибание на трицепс по одной руке в кроссовере, техника выполнения упражнения;prog_14506_175416_5;Обратные отжимания;286;Matched on movement pattern (разгибание локтя) and muscle group (трицепс). Same equipment.;;false;false;true;true;true;true;false
table_132;Разгибание на трицепс по одной руке в кроссовере, техника выполнения упражнения;prog_14532_176076_5;Отжимания с гантелей на трицепс;286;Matched on movement pattern (разгибание локтя) and muscle group (трицепс). Same equipment.;;false;false;true;true;true;true;false
table_132;Разгибание на трицепс по одной руке в кроссовере, техника выполнения упражнения;table_142;Отжимания с гантелей на трицепс, техника выполнения упражнений;286;Matched on movement pattern (разгибание локтя) and muscle group (трицепс). Same equipment.;;false;false;true;true;true;true;false
table_132;Разгибание на трицепс по одной руке в кроссовере, техника выполнения упражнения;table_133;Разгибание на трицепс в кроссовере с канатной рукояткой, техника выполнения упражнения;286;Matched on movement pattern (разгибание локтя) and muscle group (трицепс). Same equipment.;;false;false;true;true;true;true;false
table_132;Разгибание на трицепс по одной руке в кроссовере, техника выполнения упражнения;table_136;Разгибание на трицепс в кроссовере, техника выполнения упражнения;286;Matched on movement pattern (разгибание локтя) and muscle group (трицепс). Same equipment.;;false;false;true;true;true;true;false
table_133;Разгибание на трицепс в кроссовере с канатной рукояткой, техника выполнения упражнения;prog_14506_175416_5;Обратные отжимания;291;Matched on movement pattern (разгибание локтя) and muscle group (трицепс). Same equipment.;;false;false;true;true;true;true;false
table_133;Разгибание на трицепс в кроссовере с канатной рукояткой, техника выполнения упражнения;prog_14532_176076_5;Отжимания с гантелей на трицепс;291;Matched on movement pattern (разгибание локтя) and muscle group (трицепс). Same equipment.;;false;false;true;true;true;true;false
table_133;Разгибание на трицепс в кроссовере с канатной рукояткой, техника выполнения упражнения;table_142;Отжимания с гантелей на трицепс, техника выполнения упражнений;291;Matched on movement pattern (разгибание локтя) and muscle group (трицепс). Same equipment.;;false;false;true;true;true;true;false
table_133;Разгибание на трицепс в кроссовере с канатной рукояткой, техника выполнения упражнения;table_136;Разгибание на трицепс в кроссовере, техника выполнения упражнения;291;Matched on movement pattern (разгибание локтя) and muscle group (трицепс). Same equipment.;;false;false;true;true;true;true;false
table_133;Разгибание на трицепс в кроссовере с канатной рукояткой, техника выполнения упражнения;prog_14611_177987_6;Разгибание на трицепс в наклоне;291;Matched on movement pattern (разгибание локтя) and muscle group (трицепс). Same equipment.;;false;false;true;true;true;true;false
table_134;Тяга из-за головы в кроссовере на трицепс, техника выполнения упражнения;prog_14506_175416_5;Обратные отжимания;291;Matched on movement pattern (разгибание локтя) and muscle group (трицепс). Same equipment.;;false;false;true;true;true;true;false
table_134;Тяга из-за головы в кроссовере на трицепс, техника выполнения упражнения;prog_14532_176076_5;Отжимания с гантелей на трицепс;291;Matched on movement pattern (разгибание локтя) and muscle group (трицепс). Same equipment.;;false;false;true;true;true;true;false
table_134;Тяга из-за головы в кроссовере на трицепс, техника выполнения упражнения;table_142;Отжимания с гантелей на трицепс, техника выполнения упражнений;291;Matched on movement pattern (разгибание локтя) and muscle group (трицепс). Same equipment.;;false;false;true;true;true;true;false
table_134;Тяга из-за головы в кроссовере на трицепс, техника выполнения упражнения;table_133;Разгибание на трицепс в кроссовере с канатной рукояткой, техника выполнения упражнения;291;Matched on movement pattern (разгибание локтя) and muscle group (трицепс). Same equipment.;;false;false;true;true;true;true;false
table_134;Тяга из-за головы в кроссовере на трицепс, техника выполнения упражнения;table_136;Разгибание на трицепс в кроссовере, техника выполнения упражнения;291;Matched on movement pattern (разгибание локтя) and muscle group (трицепс). Same equipment.;;false;false;true;true;true;true;false
table_135;Трицепс в кроссовере обратным хватом, техника выполнения упражнения;prog_14506_175416_5;Обратные отжимания;291;Matched on movement pattern (разгибание локтя) and muscle group (трицепс). Same equipment.;;false;false;true;true;true;true;false
table_135;Трицепс в кроссовере обратным хватом, техника выполнения упражнения;prog_14532_176076_5;Отжимания с гантелей на трицепс;291;Matched on movement pattern (разгибание локтя) and muscle group (трицепс). Same equipment.;;false;false;true;true;true;true;false
table_135;Трицепс в кроссовере обратным хватом, техника выполнения упражнения;table_142;Отжимания с гантелей на трицепс, техника выполнения упражнений;291;Matched on movement pattern (разгибание локтя) and muscle group (трицепс). Same equipment.;;false;false;true;true;true;true;false
table_135;Трицепс в кроссовере обратным хватом, техника выполнения упражнения;table_133;Разгибание на трицепс в кроссовере с канатной рукояткой, техника выполнения упражнения;291;Matched on movement pattern (разгибание локтя) and muscle group (трицепс). Same equipment.;;false;false;true;true;true;true;false
table_135;Трицепс в кроссовере обратным хватом, техника выполнения упражнения;table_136;Разгибание на трицепс в кроссовере, техника выполнения упражнения;291;Matched on movement pattern (разгибание локтя) and muscle group (трицепс). Same equipment.;;false;false;true;true;true;true;false
table_136;Разгибание на трицепс в кроссовере, техника выполнения упражнения;prog_14506_175416_5;Обратные отжимания;291;Matched on movement pattern (разгибание локтя) and muscle group (трицепс). Same equipment.;;false;false;true;true;true;true;false
table_136;Разгибание на трицепс в кроссовере, техника выполнения упражнения;prog_14532_176076_5;Отжимания с гантелей на трицепс;291;Matched on movement pattern (разгибание локтя) and muscle group (трицепс). Same equipment.;;false;false;true;true;true;true;false
table_136;Разгибание на трицепс в кроссовере, техника выполнения упражнения;table_142;Отжимания с гантелей на трицепс, техника выполнения упражнений;291;Matched on movement pattern (разгибание локтя) and muscle group (трицепс). Same equipment.;;false;false;true;true;true;true;false
table_136;Разгибание на трицепс в кроссовере, техника выполнения упражнения;table_133;Разгибание на трицепс в кроссовере с канатной рукояткой, техника выполнения упражнения;291;Matched on movement pattern (разгибание локтя) and muscle group (трицепс). Same equipment.;;false;false;true;true;true;true;false
table_136;Разгибание на трицепс в кроссовере, техника выполнения упражнения;prog_14611_177987_6;Разгибание на трицепс в наклоне;291;Matched on movement pattern (разгибание локтя) and muscle group (трицепс). Same equipment.;;false;false;true;true;true;true;false
table_137;Трицепс в тренажере, техника выполнения упражнения;prog_14506_175416_5;Обратные отжимания;291;Matched on movement pattern (разгибание локтя) and muscle group (трицепс). Same equipment.;;false;false;true;true;true;true;false
table_137;Трицепс в тренажере, техника выполнения упражнения;prog_14532_176076_5;Отжимания с гантелей на трицепс;291;Matched on movement pattern (разгибание локтя) and muscle group (трицепс). Same equipment.;;false;false;true;true;true;true;false
table_137;Трицепс в тренажере, техника выполнения упражнения;table_142;Отжимания с гантелей на трицепс, техника выполнения упражнений;291;Matched on movement pattern (разгибание локтя) and muscle group (трицепс). Same equipment.;;false;false;true;true;true;true;false
table_137;Трицепс в тренажере, техника выполнения упражнения;table_133;Разгибание на трицепс в кроссовере с канатной рукояткой, техника выполнения упражнения;291;Matched on movement pattern (разгибание локтя) and muscle group (трицепс). Same equipment.;;false;false;true;true;true;true;false
table_137;Трицепс в тренажере, техника выполнения упражнения;table_136;Разгибание на трицепс в кроссовере, техника выполнения упражнения;291;Matched on movement pattern (разгибание локтя) and muscle group (трицепс). Same equipment.;;false;false;true;true;true;true;false
table_138;Отжимания на брусьях в гравитроне, техника выполнения упражнения;prog_14488_175016_2;Отжимания на брусьях;291;Matched on movement pattern (вертикальный жим) and muscle group (трицепс). Same equipment.;;false;false;true;true;true;true;false
table_138;Отжимания на брусьях в гравитроне, техника выполнения упражнения;prog_14561_176741_5;Жим гирей с пола;191;Matched on movement pattern (горизонтальный жим) and muscle group (трицепс). Same equipment.;"different_muscle_label; weak_pattern_match";false;false;false;false;false;true;true
table_138;Отжимания на брусьях в гравитроне, техника выполнения упражнения;prog_14532_176082_4;Жим с пола узким хватом;191;Matched on movement pattern (горизонтальный жим) and muscle group (трицепс). Same equipment.;"different_muscle_label; weak_pattern_match";false;false;false;false;false;true;true
table_138;Отжимания на брусьях в гравитроне, техника выполнения упражнения;prog_14508_175462_4;Жим узким хватом;191;Matched on movement pattern (горизонтальный жим) and muscle group (трицепс). Same equipment.;"different_muscle_label; weak_pattern_match; different_equipment";false;false;false;false;false;false;true
table_138;Отжимания на брусьях в гравитроне, техника выполнения упражнения;prog_14524_175851_4;Жим узким хватом в смитте;191;Matched on movement pattern (горизонтальный жим) and muscle group (трицепс). Same equipment.;"different_muscle_label; weak_pattern_match";false;false;false;false;false;true;true
table_139;Французский жим стоя, техника выполнения упражнения;prog_14506_175416_5;Обратные отжимания;291;Matched on movement pattern (разгибание локтя) and muscle group (трицепс). Same equipment.;;false;false;true;true;true;true;false
table_139;Французский жим стоя, техника выполнения упражнения;prog_14532_176076_5;Отжимания с гантелей на трицепс;291;Matched on movement pattern (разгибание локтя) and muscle group (трицепс). Same equipment.;;false;false;true;true;true;true;false
table_139;Французский жим стоя, техника выполнения упражнения;table_142;Отжимания с гантелей на трицепс, техника выполнения упражнений;291;Matched on movement pattern (разгибание локтя) and muscle group (трицепс). Same equipment.;;false;false;true;true;true;true;false
table_139;Французский жим стоя, техника выполнения упражнения;table_133;Разгибание на трицепс в кроссовере с канатной рукояткой, техника выполнения упражнения;291;Matched on movement pattern (разгибание локтя) and muscle group (трицепс). Same equipment.;;false;false;true;true;true;true;false
table_139;Французский жим стоя, техника выполнения упражнения;table_136;Разгибание на трицепс в кроссовере, техника выполнения упражнения;291;Matched on movement pattern (разгибание локтя) and muscle group (трицепс). Same equipment.;;false;false;true;true;true;true;false
table_140;Отжимания на брусьях, техника выполнения упражнения;prog_14508_175465_4;Отжимания на брусьях в гравитроне;291;Matched on movement pattern (вертикальный жим) and muscle group (трицепс). Same equipment.;;false;false;true;true;true;true;false
table_140;Отжимания на брусьях, техника выполнения упражнения;prog_14561_176741_5;Жим гирей с пола;191;Matched on movement pattern (горизонтальный жим) and muscle group (трицепс). Same equipment.;"different_muscle_label; weak_pattern_match";false;false;false;false;false;true;true
table_140;Отжимания на брусьях, техника выполнения упражнения;prog_14532_176082_4;Жим с пола узким хватом;191;Matched on movement pattern (горизонтальный жим) and muscle group (трицепс). Same equipment.;"different_muscle_label; weak_pattern_match";false;false;false;false;false;true;true
table_140;Отжимания на брусьях, техника выполнения упражнения;prog_14508_175462_4;Жим узким хватом;191;Matched on movement pattern (горизонтальный жим) and muscle group (трицепс). Same equipment.;"different_muscle_label; weak_pattern_match; different_equipment";false;false;false;false;false;false;true
table_140;Отжимания на брусьях, техника выполнения упражнения;prog_14524_175851_4;Жим узким хватом в смитте;191;Matched on movement pattern (горизонтальный жим) and muscle group (трицепс). Same equipment.;"different_muscle_label; weak_pattern_match";false;false;false;false;false;true;true
table_141;Французский жим гантели стоя, техника выполнения упражнения;prog_14506_175416_5;Обратные отжимания;291;Matched on movement pattern (разгибание локтя) and muscle group (трицепс). Same equipment.;;false;false;true;true;true;true;false
table_141;Французский жим гантели стоя, техника выполнения упражнения;prog_14532_176076_5;Отжимания с гантелей на трицепс;291;Matched on movement pattern (разгибание локтя) and muscle group (трицепс). Same equipment.;;false;false;true;true;true;true;false
table_141;Французский жим гантели стоя, техника выполнения упражнения;table_142;Отжимания с гантелей на трицепс, техника выполнения упражнений;291;Matched on movement pattern (разгибание локтя) and muscle group (трицепс). Same equipment.;;false;false;true;true;true;true;false
table_141;Французский жим гантели стоя, техника выполнения упражнения;table_133;Разгибание на трицепс в кроссовере с канатной рукояткой, техника выполнения упражнения;291;Matched on movement pattern (разгибание локтя) and muscle group (трицепс). Same equipment.;;false;false;true;true;true;true;false
table_141;Французский жим гантели стоя, техника выполнения упражнения;table_136;Разгибание на трицепс в кроссовере, техника выполнения упражнения;291;Matched on movement pattern (разгибание локтя) and muscle group (трицепс). Same equipment.;;false;false;true;true;true;true;false
table_142;Отжимания с гантелей на трицепс, техника выполнения упражнений;prog_14506_175416_5;Обратные отжимания;291;Matched on movement pattern (разгибание локтя) and muscle group (трицепс). Same equipment.;;false;false;true;true;true;true;false
table_142;Отжимания с гантелей на трицепс, техника выполнения упражнений;prog_14532_176076_5;Отжимания с гантелей на трицепс;291;Matched on movement pattern (разгибание локтя) and muscle group (трицепс). Same equipment.;duplicate_or_same_base_name;true;true;true;true;true;true;true
table_142;Отжимания с гантелей на трицепс, техника выполнения упражнений;table_133;Разгибание на трицепс в кроссовере с канатной рукояткой, техника выполнения упражнения;291;Matched on movement pattern (разгибание локтя) and muscle group (трицепс). Same equipment.;;false;false;true;true;true;true;false
table_142;Отжимания с гантелей на трицепс, техника выполнения упражнений;table_136;Разгибание на трицепс в кроссовере, техника выполнения упражнения;291;Matched on movement pattern (разгибание локтя) and muscle group (трицепс). Same equipment.;;false;false;true;true;true;true;false
table_142;Отжимания с гантелей на трицепс, техника выполнения упражнений;prog_14611_177987_6;Разгибание на трицепс в наклоне;291;Matched on movement pattern (разгибание локтя) and muscle group (трицепс). Same equipment.;;false;false;true;true;true;true;false
table_144;Приседания со штангой, техника выполнения упражнений;prog_14674_179334_2;Гак присед;291;Matched on movement pattern (приседание) and muscle group (ноги). Same equipment.;different_muscle_label;false;false;true;true;false;true;true
table_144;Приседания со штангой, техника выполнения упражнений;prog_14672_179290_5;Плеометрический гак присед;291;Matched on movement pattern (приседание) and muscle group (ноги). Same equipment.;"different_muscle_label; weak_pattern_match; different_equipment";false;false;false;false;false;false;true
table_144;Приседания со штангой, техника выполнения упражнений;table_111;Присед с точкой опоры, техника выполнения упражнения;291;Matched on movement pattern (приседание) and muscle group (ноги). Same equipment.;;false;false;true;true;true;true;false
table_144;Приседания со штангой, техника выполнения упражнений;table_124;Приседание в кроссовере, техника выполнения упражнения;291;Matched on movement pattern (приседание) and muscle group (ноги). Same equipment.;;false;false;true;true;true;true;false
table_144;Приседания со штангой, техника выполнения упражнений;table_026;Приседания в смите, техника выполнения упражнения;291;Matched on movement pattern (приседание) and muscle group (ноги). Same equipment.;;false;false;true;true;true;true;false
table_146;Приседания с паузой, техника выполнения упражнений;prog_14674_179334_2;Гак присед;291;Matched on movement pattern (приседание) and muscle group (ноги). Same equipment.;different_muscle_label;false;false;true;true;false;true;true
table_146;Приседания с паузой, техника выполнения упражнений;prog_14672_179290_5;Плеометрический гак присед;291;Matched on movement pattern (приседание) and muscle group (ноги). Same equipment.;"different_muscle_label; weak_pattern_match; different_equipment";false;false;false;false;false;false;true
table_146;Приседания с паузой, техника выполнения упражнений;table_111;Присед с точкой опоры, техника выполнения упражнения;291;Matched on movement pattern (приседание) and muscle group (ноги). Same equipment.;;false;false;true;true;true;true;false
table_146;Приседания с паузой, техника выполнения упражнений;table_124;Приседание в кроссовере, техника выполнения упражнения;291;Matched on movement pattern (приседание) and muscle group (ноги). Same equipment.;;false;false;true;true;true;true;false
table_146;Приседания с паузой, техника выполнения упражнений;table_026;Приседания в смите, техника выполнения упражнения;291;Matched on movement pattern (приседание) and muscle group (ноги). Same equipment.;;false;false;true;true;true;true;false
table_147;Тяга из ямы, техника выполнения упражнения;table_152;Тяга до колена, техника выполнения упражнения;291;Matched on movement pattern (разгибание таза) and muscle group (спина). Same equipment.;;false;false;true;true;true;true;false
table_147;Тяга из ямы, техника выполнения упражнения;table_151;Тяга со стоек, техника выполнения упражнения;291;Matched on movement pattern (разгибание таза) and muscle group (спина). Same equipment.;;false;false;true;true;true;true;false
table_147;Тяга из ямы, техника выполнения упражнения;prog_14519_175718_1;Становая тяга;286;Matched on movement pattern (разгибание таза) and muscle group (спина). Same equipment.;;false;false;true;true;true;true;false
table_147;Тяга из ямы, техника выполнения упражнения;prog_14506_175417_1;Румынская тяга;251;Matched on movement pattern (разгибание таза) and muscle group (спина). Same equipment.;different_muscle_label;false;false;true;true;false;true;true
table_147;Тяга из ямы, техника выполнения упражнения;prog_14682_179494_1;Становая тяга сумо;251;Matched on movement pattern (разгибание таза) and muscle group (спина). Same equipment.;different_muscle_label;false;false;true;true;false;true;true
table_148;Становая тяга, техника выполнения упражнения;table_152;Тяга до колена, техника выполнения упражнения;286;Matched on movement pattern (разгибание таза) and muscle group (спина). Same equipment.;;false;false;true;true;true;true;false
table_148;Становая тяга, техника выполнения упражнения;table_147;Тяга из ямы, техника выполнения упражнения;286;Matched on movement pattern (разгибание таза) and muscle group (спина). Same equipment.;;false;false;true;true;true;true;false
table_148;Становая тяга, техника выполнения упражнения;table_151;Тяга со стоек, техника выполнения упражнения;286;Matched on movement pattern (разгибание таза) and muscle group (спина). Same equipment.;;false;false;true;true;true;true;false
table_148;Становая тяга, техника выполнения упражнения;prog_14506_175417_1;Румынская тяга;256;Matched on movement pattern (разгибание таза) and muscle group (спина). Same equipment.;different_muscle_label;false;false;true;true;false;true;true
table_148;Становая тяга, техника выполнения упражнения;prog_14682_179494_1;Становая тяга сумо;256;Matched on movement pattern (разгибание таза) and muscle group (спина). Same equipment.;different_muscle_label;false;false;true;true;false;true;true
table_149;Жим штанги лёжа, техника выполнения упражнения;prog_14687_179633_1;Жим в смитте;286;Matched on movement pattern (горизонтальный жим) and muscle group (грудь). Same equipment.;;false;false;true;true;true;true;false
table_149;Жим штанги лёжа, техника выполнения упражнения;prog_14508_175462_2;Жим гантелей лежа;286;Matched on movement pattern (горизонтальный жим) and muscle group (грудь). Same equipment.;;false;false;true;true;true;true;false
table_149;Жим штанги лёжа, техника выполнения упражнения;prog_14508_175465_1;Жим гантелей лёжа на скамье 30*;286;Matched on movement pattern (горизонтальный жим) and muscle group (грудь). Same equipment.;"different_muscle_label; weak_pattern_match; different_equipment";false;false;false;false;false;false;true
table_149;Жим штанги лёжа, техника выполнения упражнения;table_150;Жим с паузой, техника выполнения упражнения;286;Matched on movement pattern (горизонтальный жим) and muscle group (грудь). Same equipment.;;false;false;true;true;true;true;false
table_149;Жим штанги лёжа, техника выполнения упражнения;table_023;Классический жим от груди в тренажёре, техника выполнения упражнения;286;Matched on movement pattern (горизонтальный жим) and muscle group (грудь). Same equipment.;;false;false;true;true;true;true;false
table_150;Жим с паузой, техника выполнения упражнения;prog_14687_179633_1;Жим в смитте;291;Matched on movement pattern (горизонтальный жим) and muscle group (грудь). Same equipment.;;false;false;true;true;true;true;false
table_150;Жим с паузой, техника выполнения упражнения;prog_14508_175462_2;Жим гантелей лежа;291;Matched on movement pattern (горизонтальный жим) and muscle group (грудь). Same equipment.;;false;false;true;true;true;true;false
table_150;Жим с паузой, техника выполнения упражнения;prog_14508_175465_1;Жим гантелей лёжа на скамье 30*;291;Matched on movement pattern (горизонтальный жим) and muscle group (грудь). Same equipment.;"different_muscle_label; weak_pattern_match; different_equipment";false;false;false;false;false;false;true
table_150;Жим с паузой, техника выполнения упражнения;table_023;Классический жим от груди в тренажёре, техника выполнения упражнения;291;Matched on movement pattern (горизонтальный жим) and muscle group (грудь). Same equipment.;;false;false;true;true;true;true;false
table_150;Жим с паузой, техника выполнения упражнения;table_126;Отжимания в тренажёре смитта, техника выполнения упражнения;291;Matched on movement pattern (горизонтальный жим) and muscle group (грудь). Same equipment.;;false;false;true;true;true;true;false
table_151;Тяга со стоек, техника выполнения упражнения;table_152;Тяга до колена, техника выполнения упражнения;291;Matched on movement pattern (разгибание таза) and muscle group (спина). Same equipment.;;false;false;true;true;true;true;false
table_151;Тяга со стоек, техника выполнения упражнения;table_147;Тяга из ямы, техника выполнения упражнения;291;Matched on movement pattern (разгибание таза) and muscle group (спина). Same equipment.;;false;false;true;true;true;true;false
table_151;Тяга со стоек, техника выполнения упражнения;prog_14519_175718_1;Становая тяга;286;Matched on movement pattern (разгибание таза) and muscle group (спина). Same equipment.;;false;false;true;true;true;true;false
table_151;Тяга со стоек, техника выполнения упражнения;prog_14506_175417_1;Румынская тяга;251;Matched on movement pattern (разгибание таза) and muscle group (спина). Same equipment.;different_muscle_label;false;false;true;true;false;true;true
table_151;Тяга со стоек, техника выполнения упражнения;prog_14682_179494_1;Становая тяга сумо;251;Matched on movement pattern (разгибание таза) and muscle group (спина). Same equipment.;different_muscle_label;false;false;true;true;false;true;true
table_152;Тяга до колена, техника выполнения упражнения;table_147;Тяга из ямы, техника выполнения упражнения;291;Matched on movement pattern (разгибание таза) and muscle group (спина). Same equipment.;;false;false;true;true;true;true;false
table_152;Тяга до колена, техника выполнения упражнения;table_151;Тяга со стоек, техника выполнения упражнения;291;Matched on movement pattern (разгибание таза) and muscle group (спина). Same equipment.;;false;false;true;true;true;true;false
table_152;Тяга до колена, техника выполнения упражнения;prog_14519_175718_1;Становая тяга;286;Matched on movement pattern (разгибание таза) and muscle group (спина). Same equipment.;;false;false;true;true;true;true;false
table_152;Тяга до колена, техника выполнения упражнения;prog_14506_175417_1;Румынская тяга;251;Matched on movement pattern (разгибание таза) and muscle group (спина). Same equipment.;different_muscle_label;false;false;true;true;false;true;true
table_152;Тяга до колена, техника выполнения упражнения;prog_14682_179494_1;Становая тяга сумо;251;Matched on movement pattern (разгибание таза) and muscle group (спина). Same equipment.;different_muscle_label;false;false;true;true;false;true;true
table_153;Отжимания узким хватом, техника выполнения упражнения;prog_14561_176741_5;Жим гирей с пола;291;Matched on movement pattern (горизонтальный жим) and muscle group (трицепс). Same equipment.;;false;false;true;true;true;true;false
table_153;Отжимания узким хватом, техника выполнения упражнения;prog_14532_176082_4;Жим с пола узким хватом;291;Matched on movement pattern (горизонтальный жим) and muscle group (трицепс). Same equipment.;;false;false;true;true;true;true;false
table_153;Отжимания узким хватом, техника выполнения упражнения;prog_14508_175462_4;Жим узким хватом;291;Matched on movement pattern (горизонтальный жим) and muscle group (трицепс). Same equipment.;"different_muscle_label; weak_pattern_match; different_equipment";false;false;false;false;false;false;true
table_153;Отжимания узким хватом, техника выполнения упражнения;prog_14524_175851_4;Жим узким хватом в смитте;291;Matched on movement pattern (горизонтальный жим) and muscle group (трицепс). Same equipment.;;false;false;true;true;true;true;false
table_153;Отжимания узким хватом, техника выполнения упражнения;prog_14523_175808_4;Калифорнийский жим в смитте;291;Matched on movement pattern (горизонтальный жим) and muscle group (трицепс). Same equipment.;;false;false;true;true;true;true;false
table_154;Жим гирей с пола, техника выполнения упражнения;prog_14532_176082_4;Жим с пола узким хватом;291;Matched on movement pattern (горизонтальный жим) and muscle group (трицепс). Same equipment.;;false;false;true;true;true;true;false
table_154;Жим гирей с пола, техника выполнения упражнения;prog_14508_175462_4;Жим узким хватом;291;Matched on movement pattern (горизонтальный жим) and muscle group (трицепс). Same equipment.;"different_muscle_label; weak_pattern_match; different_equipment";false;false;false;false;false;false;true
table_154;Жим гирей с пола, техника выполнения упражнения;prog_14524_175851_4;Жим узким хватом в смитте;291;Matched on movement pattern (горизонтальный жим) and muscle group (трицепс). Same equipment.;;false;false;true;true;true;true;false
table_154;Жим гирей с пола, техника выполнения упражнения;prog_14523_175808_4;Калифорнийский жим в смитте;291;Matched on movement pattern (горизонтальный жим) and muscle group (трицепс). Same equipment.;;false;false;true;true;true;true;false
table_154;Жим гирей с пола, техника выполнения упражнения;prog_14523_175811_5;Отжимания узким хватом;291;Matched on movement pattern (горизонтальный жим) and muscle group (трицепс). Same equipment.;;false;false;true;true;true;true;false
table_155;Жим с пола узким хватом, техника выполнения упражнения;prog_14561_176741_5;Жим гирей с пола;291;Matched on movement pattern (горизонтальный жим) and muscle group (трицепс). Same equipment.;;false;false;true;true;true;true;false
table_155;Жим с пола узким хватом, техника выполнения упражнения;prog_14508_175462_4;Жим узким хватом;291;Matched on movement pattern (горизонтальный жим) and muscle group (трицепс). Same equipment.;"different_muscle_label; weak_pattern_match; different_equipment";false;false;false;false;false;false;true
table_155;Жим с пола узким хватом, техника выполнения упражнения;prog_14524_175851_4;Жим узким хватом в смитте;291;Matched on movement pattern (горизонтальный жим) and muscle group (трицепс). Same equipment.;;false;false;true;true;true;true;false
table_155;Жим с пола узким хватом, техника выполнения упражнения;prog_14523_175808_4;Калифорнийский жим в смитте;291;Matched on movement pattern (горизонтальный жим) and muscle group (трицепс). Same equipment.;;false;false;true;true;true;true;false
table_155;Жим с пола узким хватом, техника выполнения упражнения;prog_14523_175811_5;Отжимания узким хватом;291;Matched on movement pattern (горизонтальный жим) and muscle group (трицепс). Same equipment.;;false;false;true;true;true;true;false
table_156;Разгибание на трицепс в наклоне, техника выполнения упражнения;prog_14506_175416_5;Обратные отжимания;291;Matched on movement pattern (разгибание локтя) and muscle group (трицепс). Same equipment.;;false;false;true;true;true;true;false
table_156;Разгибание на трицепс в наклоне, техника выполнения упражнения;prog_14532_176076_5;Отжимания с гантелей на трицепс;291;Matched on movement pattern (разгибание локтя) and muscle group (трицепс). Same equipment.;;false;false;true;true;true;true;false
table_156;Разгибание на трицепс в наклоне, техника выполнения упражнения;table_142;Отжимания с гантелей на трицепс, техника выполнения упражнений;291;Matched on movement pattern (разгибание локтя) and muscle group (трицепс). Same equipment.;;false;false;true;true;true;true;false
table_156;Разгибание на трицепс в наклоне, техника выполнения упражнения;table_133;Разгибание на трицепс в кроссовере с канатной рукояткой, техника выполнения упражнения;291;Matched on movement pattern (разгибание локтя) and muscle group (трицепс). Same equipment.;;false;false;true;true;true;true;false
table_156;Разгибание на трицепс в наклоне, техника выполнения упражнения;table_136;Разгибание на трицепс в кроссовере, техника выполнения упражнения;291;Matched on movement pattern (разгибание локтя) and muscle group (трицепс). Same equipment.;;false;false;true;true;true;true;false
table_157;G-жим, техника выполнения упражнения;prog_14506_175416_5;Обратные отжимания;291;Matched on movement pattern (разгибание локтя) and muscle group (трицепс). Same equipment.;;false;false;true;true;true;true;false
table_157;G-жим, техника выполнения упражнения;prog_14532_176076_5;Отжимания с гантелей на трицепс;291;Matched on movement pattern (разгибание локтя) and muscle group (трицепс). Same equipment.;;false;false;true;true;true;true;false
table_157;G-жим, техника выполнения упражнения;table_142;Отжимания с гантелей на трицепс, техника выполнения упражнений;291;Matched on movement pattern (разгибание локтя) and muscle group (трицепс). Same equipment.;;false;false;true;true;true;true;false
table_157;G-жим, техника выполнения упражнения;table_133;Разгибание на трицепс в кроссовере с канатной рукояткой, техника выполнения упражнения;291;Matched on movement pattern (разгибание локтя) and muscle group (трицепс). Same equipment.;;false;false;true;true;true;true;false
table_157;G-жим, техника выполнения упражнения;table_136;Разгибание на трицепс в кроссовере, техника выполнения упражнения;291;Matched on movement pattern (разгибание локтя) and muscle group (трицепс). Same equipment.;;false;false;true;true;true;true;false
table_158;Жим штанги узким хватом, техника выполнения упражнения;prog_14561_176741_5;Жим гирей с пола;286;Matched on movement pattern (горизонтальный жим) and muscle group (трицепс). Same equipment.;;false;false;true;true;true;true;false
table_158;Жим штанги узким хватом, техника выполнения упражнения;prog_14532_176082_4;Жим с пола узким хватом;286;Matched on movement pattern (горизонтальный жим) and muscle group (трицепс). Same equipment.;;false;false;true;true;true;true;false
table_158;Жим штанги узким хватом, техника выполнения упражнения;prog_14508_175462_4;Жим узким хватом;286;Matched on movement pattern (горизонтальный жим) and muscle group (трицепс). Same equipment.;"different_muscle_label; weak_pattern_match; different_equipment";false;false;false;false;false;false;true
table_158;Жим штанги узким хватом, техника выполнения упражнения;prog_14524_175851_4;Жим узким хватом в смитте;286;Matched on movement pattern (горизонтальный жим) and muscle group (трицепс). Same equipment.;;false;false;true;true;true;true;false
table_158;Жим штанги узким хватом, техника выполнения упражнения;prog_14523_175808_4;Калифорнийский жим в смитте;286;Matched on movement pattern (горизонтальный жим) and muscle group (трицепс). Same equipment.;;false;false;true;true;true;true;false
table_159;Французский жим с гантелями, техника выполнения упражнения;prog_14506_175416_5;Обратные отжимания;291;Matched on movement pattern (разгибание локтя) and muscle group (трицепс). Same equipment.;;false;false;true;true;true;true;false
table_159;Французский жим с гантелями, техника выполнения упражнения;prog_14532_176076_5;Отжимания с гантелей на трицепс;291;Matched on movement pattern (разгибание локтя) and muscle group (трицепс). Same equipment.;;false;false;true;true;true;true;false
table_159;Французский жим с гантелями, техника выполнения упражнения;table_142;Отжимания с гантелей на трицепс, техника выполнения упражнений;291;Matched on movement pattern (разгибание локтя) and muscle group (трицепс). Same equipment.;;false;false;true;true;true;true;false
table_159;Французский жим с гантелями, техника выполнения упражнения;table_133;Разгибание на трицепс в кроссовере с канатной рукояткой, техника выполнения упражнения;291;Matched on movement pattern (разгибание локтя) and muscle group (трицепс). Same equipment.;;false;false;true;true;true;true;false
table_159;Французский жим с гантелями, техника выполнения упражнения;table_136;Разгибание на трицепс в кроссовере, техника выполнения упражнения;291;Matched on movement pattern (разгибание локтя) and muscle group (трицепс). Same equipment.;;false;false;true;true;true;true;false
table_160;Обратные отжимания, техника выполнения упражнения;prog_14532_176076_5;Отжимания с гантелей на трицепс;291;Matched on movement pattern (разгибание локтя) and muscle group (трицепс). Same equipment.;;false;false;true;true;true;true;false
table_160;Обратные отжимания, техника выполнения упражнения;table_142;Отжимания с гантелей на трицепс, техника выполнения упражнений;291;Matched on movement pattern (разгибание локтя) and muscle group (трицепс). Same equipment.;;false;false;true;true;true;true;false
table_160;Обратные отжимания, техника выполнения упражнения;table_133;Разгибание на трицепс в кроссовере с канатной рукояткой, техника выполнения упражнения;291;Matched on movement pattern (разгибание локтя) and muscle group (трицепс). Same equipment.;;false;false;true;true;true;true;false
table_160;Обратные отжимания, техника выполнения упражнения;table_136;Разгибание на трицепс в кроссовере, техника выполнения упражнения;291;Matched on movement pattern (разгибание локтя) and muscle group (трицепс). Same equipment.;;false;false;true;true;true;true;false
table_160;Обратные отжимания, техника выполнения упражнения;prog_14611_177987_6;Разгибание на трицепс в наклоне;291;Matched on movement pattern (разгибание локтя) and muscle group (трицепс). Same equipment.;;false;false;true;true;true;true;false
table_161;Разгибание на трицепс из-за головы, техника выполнения упражнения;prog_14506_175416_5;Обратные отжимания;291;Matched on movement pattern (разгибание локтя) and muscle group (трицепс). Same equipment.;;false;false;true;true;true;true;false
table_161;Разгибание на трицепс из-за головы, техника выполнения упражнения;prog_14532_176076_5;Отжимания с гантелей на трицепс;291;Matched on movement pattern (разгибание локтя) and muscle group (трицепс). Same equipment.;;false;false;true;true;true;true;false
table_161;Разгибание на трицепс из-за головы, техника выполнения упражнения;table_142;Отжимания с гантелей на трицепс, техника выполнения упражнений;291;Matched on movement pattern (разгибание локтя) and muscle group (трицепс). Same equipment.;;false;false;true;true;true;true;false
table_161;Разгибание на трицепс из-за головы, техника выполнения упражнения;table_133;Разгибание на трицепс в кроссовере с канатной рукояткой, техника выполнения упражнения;291;Matched on movement pattern (разгибание локтя) and muscle group (трицепс). Same equipment.;;false;false;true;true;true;true;false
table_161;Разгибание на трицепс из-за головы, техника выполнения упражнения;table_136;Разгибание на трицепс в кроссовере, техника выполнения упражнения;291;Matched on movement pattern (разгибание локтя) and muscle group (трицепс). Same equipment.;;false;false;true;true;true;true;false
table_162;Французский жим лежа, техника выполнения упражнения;prog_14506_175416_5;Обратные отжимания;291;Matched on movement pattern (разгибание локтя) and muscle group (трицепс). Same equipment.;;false;false;true;true;true;true;false
table_162;Французский жим лежа, техника выполнения упражнения;prog_14532_176076_5;Отжимания с гантелей на трицепс;291;Matched on movement pattern (разгибание локтя) and muscle group (трицепс). Same equipment.;;false;false;true;true;true;true;false
table_162;Французский жим лежа, техника выполнения упражнения;table_142;Отжимания с гантелей на трицепс, техника выполнения упражнений;291;Matched on movement pattern (разгибание локтя) and muscle group (трицепс). Same equipment.;;false;false;true;true;true;true;false
table_162;Французский жим лежа, техника выполнения упражнения;table_133;Разгибание на трицепс в кроссовере с канатной рукояткой, техника выполнения упражнения;291;Matched on movement pattern (разгибание локтя) and muscle group (трицепс). Same equipment.;;false;false;true;true;true;true;false
table_162;Французский жим лежа, техника выполнения упражнения;table_136;Разгибание на трицепс в кроссовере, техника выполнения упражнения;291;Matched on movement pattern (разгибание локтя) and muscle group (трицепс). Same equipment.;;false;false;true;true;true;true;false
table_163;Бицепс с двумя гантелями на скамье скотта, техника выполнения упражнения;prog_14586_177381_6;21;291;Matched on movement pattern (сгибание локтя) and muscle group (бицепс). Same equipment.;;false;false;true;true;true;true;false
table_163;Бицепс с двумя гантелями на скамье скотта, техника выполнения упражнения;prog_14477_174876_5;Бицепс с гантелью на скамье Скотта;291;Matched on movement pattern (сгибание локтя) and muscle group (бицепс). Same equipment.;;false;false;true;true;true;true;false
table_163;Бицепс с двумя гантелями на скамье скотта, техника выполнения упражнения;prog_14508_175466_6;Бицепс с канатной рукояткой в кроссовере;291;Matched on movement pattern (сгибание локтя) and muscle group (бицепс). Same equipment.;different_muscle_label;false;false;true;true;false;true;true
table_163;Бицепс с двумя гантелями на скамье скотта, техника выполнения упражнения;table_176;Изодинамиеский подъем на бицепс, техника выполнения упражнения;291;Matched on movement pattern (сгибание локтя) and muscle group (бицепс). Same equipment.;;false;false;true;true;true;true;false
table_163;Бицепс с двумя гантелями на скамье скотта, техника выполнения упражнения;prog_14506_175417_7;Классический подъем на бицепс в кроссовере;291;Matched on movement pattern (сгибание локтя) and muscle group (бицепс). Same equipment.;;false;false;true;true;true;true;false
table_164;Бицепс с гантелью на скамье скотта, техника выполнения упражнения;prog_14586_177381_6;21;291;Matched on movement pattern (сгибание локтя) and muscle group (бицепс). Same equipment.;;false;false;true;true;true;true;false
table_164;Бицепс с гантелью на скамье скотта, техника выполнения упражнения;prog_14501_175300_5;Бицепс с двумя гантелями на скамье Скотта;291;Matched on movement pattern (сгибание локтя) and muscle group (бицепс). Same equipment.;;false;false;true;true;true;true;false
table_164;Бицепс с гантелью на скамье скотта, техника выполнения упражнения;prog_14508_175466_6;Бицепс с канатной рукояткой в кроссовере;291;Matched on movement pattern (сгибание локтя) and muscle group (бицепс). Same equipment.;different_muscle_label;false;false;true;true;false;true;true
table_164;Бицепс с гантелью на скамье скотта, техника выполнения упражнения;table_176;Изодинамиеский подъем на бицепс, техника выполнения упражнения;291;Matched on movement pattern (сгибание локтя) and muscle group (бицепс). Same equipment.;;false;false;true;true;true;true;false
table_164;Бицепс с гантелью на скамье скотта, техника выполнения упражнения;prog_14506_175417_7;Классический подъем на бицепс в кроссовере;291;Matched on movement pattern (сгибание локтя) and muscle group (бицепс). Same equipment.;;false;false;true;true;true;true;false
table_165;21, техника выполнения упражнения;prog_14477_174876_5;Бицепс с гантелью на скамье Скотта;291;Matched on movement pattern (сгибание локтя) and muscle group (бицепс). Same equipment.;;false;false;true;true;true;true;false
table_165;21, техника выполнения упражнения;prog_14501_175300_5;Бицепс с двумя гантелями на скамье Скотта;291;Matched on movement pattern (сгибание локтя) and muscle group (бицепс). Same equipment.;;false;false;true;true;true;true;false
table_165;21, техника выполнения упражнения;prog_14508_175466_6;Бицепс с канатной рукояткой в кроссовере;291;Matched on movement pattern (сгибание локтя) and muscle group (бицепс). Same equipment.;different_muscle_label;false;false;true;true;false;true;true
table_165;21, техника выполнения упражнения;table_176;Изодинамиеский подъем на бицепс, техника выполнения упражнения;291;Matched on movement pattern (сгибание локтя) and muscle group (бицепс). Same equipment.;;false;false;true;true;true;true;false
table_165;21, техника выполнения упражнения;prog_14506_175417_7;Классический подъем на бицепс в кроссовере;291;Matched on movement pattern (сгибание локтя) and muscle group (бицепс). Same equipment.;;false;false;true;true;true;true;false
table_166;Бицепс со штангой в скамье скотта, техника выполнения упражнения;prog_14586_177381_6;21;286;Matched on movement pattern (сгибание локтя) and muscle group (бицепс). Same equipment.;;false;false;true;true;true;true;false
table_166;Бицепс со штангой в скамье скотта, техника выполнения упражнения;prog_14477_174876_5;Бицепс с гантелью на скамье Скотта;286;Matched on movement pattern (сгибание локтя) and muscle group (бицепс). Same equipment.;;false;false;true;true;true;true;false
table_166;Бицепс со штангой в скамье скотта, техника выполнения упражнения;prog_14501_175300_5;Бицепс с двумя гантелями на скамье Скотта;286;Matched on movement pattern (сгибание локтя) and muscle group (бицепс). Same equipment.;;false;false;true;true;true;true;false
table_166;Бицепс со штангой в скамье скотта, техника выполнения упражнения;prog_14508_175466_6;Бицепс с канатной рукояткой в кроссовере;286;Matched on movement pattern (сгибание локтя) and muscle group (бицепс). Same equipment.;different_muscle_label;false;false;true;true;false;true;true
table_166;Бицепс со штангой в скамье скотта, техника выполнения упражнения;table_176;Изодинамиеский подъем на бицепс, техника выполнения упражнения;286;Matched on movement pattern (сгибание локтя) and muscle group (бицепс). Same equipment.;;false;false;true;true;true;true;false
table_167;Подъем на бицепс с резинкой сидя, техника выполнения упражнения;prog_14586_177381_6;21;291;Matched on movement pattern (сгибание локтя) and muscle group (бицепс). Same equipment.;;false;false;true;true;true;true;false
table_167;Подъем на бицепс с резинкой сидя, техника выполнения упражнения;prog_14477_174876_5;Бицепс с гантелью на скамье Скотта;291;Matched on movement pattern (сгибание локтя) and muscle group (бицепс). Same equipment.;;false;false;true;true;true;true;false
table_167;Подъем на бицепс с резинкой сидя, техника выполнения упражнения;prog_14501_175300_5;Бицепс с двумя гантелями на скамье Скотта;291;Matched on movement pattern (сгибание локтя) and muscle group (бицепс). Same equipment.;;false;false;true;true;true;true;false
table_167;Подъем на бицепс с резинкой сидя, техника выполнения упражнения;prog_14508_175466_6;Бицепс с канатной рукояткой в кроссовере;291;Matched on movement pattern (сгибание локтя) and muscle group (бицепс). Same equipment.;different_muscle_label;false;false;true;true;false;true;true
table_167;Подъем на бицепс с резинкой сидя, техника выполнения упражнения;table_176;Изодинамиеский подъем на бицепс, техника выполнения упражнения;291;Matched on movement pattern (сгибание локтя) and muscle group (бицепс). Same equipment.;;false;false;true;true;true;true;false
table_168;Сгибание Зотмана, техника выполнения упражнения;prog_14586_177381_6;21;291;Matched on movement pattern (сгибание локтя) and muscle group (бицепс). Same equipment.;different_muscle_label;false;false;true;true;false;true;true
table_168;Сгибание Зотмана, техника выполнения упражнения;prog_14477_174876_5;Бицепс с гантелью на скамье Скотта;291;Matched on movement pattern (сгибание локтя) and muscle group (бицепс). Same equipment.;different_muscle_label;false;false;true;true;false;true;true
table_168;Сгибание Зотмана, техника выполнения упражнения;prog_14501_175300_5;Бицепс с двумя гантелями на скамье Скотта;291;Matched on movement pattern (сгибание локтя) and muscle group (бицепс). Same equipment.;different_muscle_label;false;false;true;true;false;true;true
table_168;Сгибание Зотмана, техника выполнения упражнения;prog_14508_175466_6;Бицепс с канатной рукояткой в кроссовере;291;Matched on movement pattern (сгибание локтя) and muscle group (бицепс). Same equipment.;;false;false;true;true;true;true;false
table_168;Сгибание Зотмана, техника выполнения упражнения;table_176;Изодинамиеский подъем на бицепс, техника выполнения упражнения;291;Matched on movement pattern (сгибание локтя) and muscle group (бицепс). Same equipment.;different_muscle_label;false;false;true;true;false;true;true
table_169;Подъем на бицепс в тренажёре для гребной тяги, техника выполнения упражнения;prog_14586_177381_6;21;291;Matched on movement pattern (сгибание локтя) and muscle group (бицепс). Same equipment.;;false;false;true;true;true;true;false
table_169;Подъем на бицепс в тренажёре для гребной тяги, техника выполнения упражнения;prog_14477_174876_5;Бицепс с гантелью на скамье Скотта;291;Matched on movement pattern (сгибание локтя) and muscle group (бицепс). Same equipment.;;false;false;true;true;true;true;false
table_169;Подъем на бицепс в тренажёре для гребной тяги, техника выполнения упражнения;prog_14501_175300_5;Бицепс с двумя гантелями на скамье Скотта;291;Matched on movement pattern (сгибание локтя) and muscle group (бицепс). Same equipment.;;false;false;true;true;true;true;false
table_169;Подъем на бицепс в тренажёре для гребной тяги, техника выполнения упражнения;prog_14508_175466_6;Бицепс с канатной рукояткой в кроссовере;291;Matched on movement pattern (сгибание локтя) and muscle group (бицепс). Same equipment.;different_muscle_label;false;false;true;true;false;true;true
table_169;Подъем на бицепс в тренажёре для гребной тяги, техника выполнения упражнения;table_176;Изодинамиеский подъем на бицепс, техника выполнения упражнения;291;Matched on movement pattern (сгибание локтя) and muscle group (бицепс). Same equipment.;;false;false;true;true;true;true;false
table_170;Подъем на бицепс спиной к кроссоверу, техника выполнения упражнения;prog_14586_177381_6;21;291;Matched on movement pattern (сгибание локтя) and muscle group (бицепс). Same equipment.;;false;false;true;true;true;true;false
table_170;Подъем на бицепс спиной к кроссоверу, техника выполнения упражнения;prog_14477_174876_5;Бицепс с гантелью на скамье Скотта;291;Matched on movement pattern (сгибание локтя) and muscle group (бицепс). Same equipment.;;false;false;true;true;true;true;false
table_170;Подъем на бицепс спиной к кроссоверу, техника выполнения упражнения;prog_14501_175300_5;Бицепс с двумя гантелями на скамье Скотта;291;Matched on movement pattern (сгибание локтя) and muscle group (бицепс). Same equipment.;;false;false;true;true;true;true;false
table_170;Подъем на бицепс спиной к кроссоверу, техника выполнения упражнения;prog_14508_175466_6;Бицепс с канатной рукояткой в кроссовере;291;Matched on movement pattern (сгибание локтя) and muscle group (бицепс). Same equipment.;different_muscle_label;false;false;true;true;false;true;true
table_170;Подъем на бицепс спиной к кроссоверу, техника выполнения упражнения;table_176;Изодинамиеский подъем на бицепс, техника выполнения упражнения;291;Matched on movement pattern (сгибание локтя) and muscle group (бицепс). Same equipment.;;false;false;true;true;true;true;false
table_171;Молотковые сгибание на бицепс с канатной рукояткой в кроссовере, техника выполнения упражнения;prog_14586_177381_6;21;291;Matched on movement pattern (сгибание локтя) and muscle group (бицепс). Same equipment.;different_muscle_label;false;false;true;true;false;true;true
table_171;Молотковые сгибание на бицепс с канатной рукояткой в кроссовере, техника выполнения упражнения;prog_14477_174876_5;Бицепс с гантелью на скамье Скотта;291;Matched on movement pattern (сгибание локтя) and muscle group (бицепс). Same equipment.;different_muscle_label;false;false;true;true;false;true;true
table_171;Молотковые сгибание на бицепс с канатной рукояткой в кроссовере, техника выполнения упражнения;prog_14501_175300_5;Бицепс с двумя гантелями на скамье Скотта;291;Matched on movement pattern (сгибание локтя) and muscle group (бицепс). Same equipment.;different_muscle_label;false;false;true;true;false;true;true
table_171;Молотковые сгибание на бицепс с канатной рукояткой в кроссовере, техника выполнения упражнения;prog_14508_175466_6;Бицепс с канатной рукояткой в кроссовере;291;Matched on movement pattern (сгибание локтя) and muscle group (бицепс). Same equipment.;;false;false;true;true;true;true;false
table_171;Молотковые сгибание на бицепс с канатной рукояткой в кроссовере, техника выполнения упражнения;table_176;Изодинамиеский подъем на бицепс, техника выполнения упражнения;291;Matched on movement pattern (сгибание локтя) and muscle group (бицепс). Same equipment.;different_muscle_label;false;false;true;true;false;true;true
table_172;Подъем на бицепс обратным хватом, техника выполнения упражнения;prog_14614_178049_6;Подъем на бицепс обратным хватом в кроссовере;291;Matched on movement pattern (сгибание локтя) and muscle group (бицепс). Same equipment.;"different_muscle_label; weak_pattern_match; different_equipment";false;false;false;false;false;false;true
table_172;Подъем на бицепс обратным хватом, техника выполнения упражнения;prog_14508_175466_6;Бицепс с канатной рукояткой в кроссовере;256;Matched on movement pattern (сгибание локтя) and muscle group (бицепс). Same equipment.;different_muscle_label;false;false;true;true;false;true;true
table_172;Подъем на бицепс обратным хватом, техника выполнения упражнения;prog_14506_175415_5;Молотки, подъем на бицепс.;256;Matched on movement pattern (сгибание локтя) and muscle group (бицепс). Same equipment.;different_muscle_label;false;false;true;true;false;true;true
table_172;Подъем на бицепс обратным хватом, техника выполнения упражнения;table_171;Молотковые сгибание на бицепс с канатной рукояткой в кроссовере, техника выполнения упражнения;256;Matched on movement pattern (сгибание локтя) and muscle group (бицепс). Same equipment.;different_muscle_label;false;false;true;true;false;true;true
table_172;Подъем на бицепс обратным хватом, техника выполнения упражнения;prog_14500_175268_5;Паучьи сгибания молотковым хватом;256;Matched on movement pattern (сгибание локтя) and muscle group (бицепс). Same equipment.;different_muscle_label;false;false;true;true;false;true;true
table_173;Классический подъем на бицепс в кроссовере, техника выполнения упражнения;prog_14586_177381_6;21;291;Matched on movement pattern (сгибание локтя) and muscle group (бицепс). Same equipment.;;false;false;true;true;true;true;false
table_173;Классический подъем на бицепс в кроссовере, техника выполнения упражнения;prog_14477_174876_5;Бицепс с гантелью на скамье Скотта;291;Matched on movement pattern (сгибание локтя) and muscle group (бицепс). Same equipment.;;false;false;true;true;true;true;false
table_173;Классический подъем на бицепс в кроссовере, техника выполнения упражнения;prog_14501_175300_5;Бицепс с двумя гантелями на скамье Скотта;291;Matched on movement pattern (сгибание локтя) and muscle group (бицепс). Same equipment.;;false;false;true;true;true;true;false
table_173;Классический подъем на бицепс в кроссовере, техника выполнения упражнения;prog_14508_175466_6;Бицепс с канатной рукояткой в кроссовере;291;Matched on movement pattern (сгибание локтя) and muscle group (бицепс). Same equipment.;different_muscle_label;false;false;true;true;false;true;true
table_173;Классический подъем на бицепс в кроссовере, техника выполнения упражнения;table_176;Изодинамиеский подъем на бицепс, техника выполнения упражнения;291;Matched on movement pattern (сгибание локтя) and muscle group (бицепс). Same equipment.;;false;false;true;true;true;true;false
table_174;Бицепс по 1 руке в кроссовере, техника выполнения упражнения;prog_14586_177381_6;21;286;Matched on movement pattern (сгибание локтя) and muscle group (бицепс). Same equipment.;;false;false;true;true;true;true;false
table_174;Бицепс по 1 руке в кроссовере, техника выполнения упражнения;prog_14477_174876_5;Бицепс с гантелью на скамье Скотта;286;Matched on movement pattern (сгибание локтя) and muscle group (бицепс). Same equipment.;;false;false;true;true;true;true;false
table_174;Бицепс по 1 руке в кроссовере, техника выполнения упражнения;prog_14501_175300_5;Бицепс с двумя гантелями на скамье Скотта;286;Matched on movement pattern (сгибание локтя) and muscle group (бицепс). Same equipment.;;false;false;true;true;true;true;false
table_174;Бицепс по 1 руке в кроссовере, техника выполнения упражнения;prog_14508_175466_6;Бицепс с канатной рукояткой в кроссовере;286;Matched on movement pattern (сгибание локтя) and muscle group (бицепс). Same equipment.;different_muscle_label;false;false;true;true;false;true;true
table_174;Бицепс по 1 руке в кроссовере, техника выполнения упражнения;table_176;Изодинамиеский подъем на бицепс, техника выполнения упражнения;286;Matched on movement pattern (сгибание локтя) and muscle group (бицепс). Same equipment.;;false;false;true;true;true;true;false
table_175;Бицепс с канатной рукояткой в кроссовере, техника выполнения упражнения;prog_14586_177381_6;21;291;Matched on movement pattern (сгибание локтя) and muscle group (бицепс). Same equipment.;different_muscle_label;false;false;true;true;false;true;true
table_175;Бицепс с канатной рукояткой в кроссовере, техника выполнения упражнения;prog_14477_174876_5;Бицепс с гантелью на скамье Скотта;291;Matched on movement pattern (сгибание локтя) and muscle group (бицепс). Same equipment.;different_muscle_label;false;false;true;true;false;true;true
table_175;Бицепс с канатной рукояткой в кроссовере, техника выполнения упражнения;prog_14501_175300_5;Бицепс с двумя гантелями на скамье Скотта;291;Matched on movement pattern (сгибание локтя) and muscle group (бицепс). Same equipment.;different_muscle_label;false;false;true;true;false;true;true
table_175;Бицепс с канатной рукояткой в кроссовере, техника выполнения упражнения;table_176;Изодинамиеский подъем на бицепс, техника выполнения упражнения;291;Matched on movement pattern (сгибание локтя) and muscle group (бицепс). Same equipment.;different_muscle_label;false;false;true;true;false;true;true
table_175;Бицепс с канатной рукояткой в кроссовере, техника выполнения упражнения;prog_14506_175417_7;Классический подъем на бицепс в кроссовере;291;Matched on movement pattern (сгибание локтя) and muscle group (бицепс). Same equipment.;different_muscle_label;false;false;true;true;false;true;true
table_176;Изодинамиеский подъем на бицепс, техника выполнения упражнения;prog_14586_177381_6;21;291;Matched on movement pattern (сгибание локтя) and muscle group (бицепс). Same equipment.;;false;false;true;true;true;true;false
table_176;Изодинамиеский подъем на бицепс, техника выполнения упражнения;prog_14477_174876_5;Бицепс с гантелью на скамье Скотта;291;Matched on movement pattern (сгибание локтя) and muscle group (бицепс). Same equipment.;;false;false;true;true;true;true;false
table_176;Изодинамиеский подъем на бицепс, техника выполнения упражнения;prog_14501_175300_5;Бицепс с двумя гантелями на скамье Скотта;291;Matched on movement pattern (сгибание локтя) and muscle group (бицепс). Same equipment.;;false;false;true;true;true;true;false
table_176;Изодинамиеский подъем на бицепс, техника выполнения упражнения;prog_14508_175466_6;Бицепс с канатной рукояткой в кроссовере;291;Matched on movement pattern (сгибание локтя) and muscle group (бицепс). Same equipment.;different_muscle_label;false;false;true;true;false;true;true
table_176;Изодинамиеский подъем на бицепс, техника выполнения упражнения;prog_14506_175417_7;Классический подъем на бицепс в кроссовере;291;Matched on movement pattern (сгибание локтя) and muscle group (бицепс). Same equipment.;;false;false;true;true;true;true;false
table_177;Попеременный подъем на бицепс, техника выполнения упражнения;prog_14586_177381_6;21;291;Matched on movement pattern (сгибание локтя) and muscle group (бицепс). Same equipment.;;false;false;true;true;true;true;false
table_177;Попеременный подъем на бицепс, техника выполнения упражнения;prog_14477_174876_5;Бицепс с гантелью на скамье Скотта;291;Matched on movement pattern (сгибание локтя) and muscle group (бицепс). Same equipment.;;false;false;true;true;true;true;false
table_177;Попеременный подъем на бицепс, техника выполнения упражнения;prog_14501_175300_5;Бицепс с двумя гантелями на скамье Скотта;291;Matched on movement pattern (сгибание локтя) and muscle group (бицепс). Same equipment.;;false;false;true;true;true;true;false
table_177;Попеременный подъем на бицепс, техника выполнения упражнения;prog_14508_175466_6;Бицепс с канатной рукояткой в кроссовере;291;Matched on movement pattern (сгибание локтя) and muscle group (бицепс). Same equipment.;different_muscle_label;false;false;true;true;false;true;true
table_177;Попеременный подъем на бицепс, техника выполнения упражнения;table_176;Изодинамиеский подъем на бицепс, техника выполнения упражнения;291;Matched on movement pattern (сгибание локтя) and muscle group (бицепс). Same equipment.;;false;false;true;true;true;true;false
table_178;Подъем на бицепс с упором в скамью, техника выполнения упражнения;prog_14586_177381_6;21;291;Matched on movement pattern (сгибание локтя) and muscle group (бицепс). Same equipment.;;false;false;true;true;true;true;false
table_178;Подъем на бицепс с упором в скамью, техника выполнения упражнения;prog_14477_174876_5;Бицепс с гантелью на скамье Скотта;291;Matched on movement pattern (сгибание локтя) and muscle group (бицепс). Same equipment.;;false;false;true;true;true;true;false
table_178;Подъем на бицепс с упором в скамью, техника выполнения упражнения;prog_14501_175300_5;Бицепс с двумя гантелями на скамье Скотта;291;Matched on movement pattern (сгибание локтя) and muscle group (бицепс). Same equipment.;;false;false;true;true;true;true;false
table_178;Подъем на бицепс с упором в скамью, техника выполнения упражнения;prog_14508_175466_6;Бицепс с канатной рукояткой в кроссовере;291;Matched on movement pattern (сгибание локтя) and muscle group (бицепс). Same equipment.;different_muscle_label;false;false;true;true;false;true;true
table_178;Подъем на бицепс с упором в скамью, техника выполнения упражнения;table_176;Изодинамиеский подъем на бицепс, техника выполнения упражнения;291;Matched on movement pattern (сгибание локтя) and muscle group (бицепс). Same equipment.;;false;false;true;true;true;true;false
table_179;Паучьи сгибания молотковым хватом, техника выполнения упражнения;prog_14586_177381_6;21;291;Matched on movement pattern (сгибание локтя) and muscle group (бицепс). Same equipment.;different_muscle_label;false;false;true;true;false;true;true
table_179;Паучьи сгибания молотковым хватом, техника выполнения упражнения;prog_14477_174876_5;Бицепс с гантелью на скамье Скотта;291;Matched on movement pattern (сгибание локтя) and muscle group (бицепс). Same equipment.;different_muscle_label;false;false;true;true;false;true;true
table_179;Паучьи сгибания молотковым хватом, техника выполнения упражнения;prog_14501_175300_5;Бицепс с двумя гантелями на скамье Скотта;291;Matched on movement pattern (сгибание локтя) and muscle group (бицепс). Same equipment.;different_muscle_label;false;false;true;true;false;true;true
table_179;Паучьи сгибания молотковым хватом, техника выполнения упражнения;prog_14508_175466_6;Бицепс с канатной рукояткой в кроссовере;291;Matched on movement pattern (сгибание локтя) and muscle group (бицепс). Same equipment.;;false;false;true;true;true;true;false
table_179;Паучьи сгибания молотковым хватом, техника выполнения упражнения;table_176;Изодинамиеский подъем на бицепс, техника выполнения упражнения;291;Matched on movement pattern (сгибание локтя) and muscle group (бицепс). Same equipment.;different_muscle_label;false;false;true;true;false;true;true
table_180;Паучьи сгибания, техника выполнения упражнения;prog_14586_177381_6;21;291;Matched on movement pattern (сгибание локтя) and muscle group (бицепс). Same equipment.;;false;false;true;true;true;true;false
table_180;Паучьи сгибания, техника выполнения упражнения;prog_14477_174876_5;Бицепс с гантелью на скамье Скотта;291;Matched on movement pattern (сгибание локтя) and muscle group (бицепс). Same equipment.;;false;false;true;true;true;true;false
table_180;Паучьи сгибания, техника выполнения упражнения;prog_14501_175300_5;Бицепс с двумя гантелями на скамье Скотта;291;Matched on movement pattern (сгибание локтя) and muscle group (бицепс). Same equipment.;;false;false;true;true;true;true;false
table_180;Паучьи сгибания, техника выполнения упражнения;prog_14508_175466_6;Бицепс с канатной рукояткой в кроссовере;291;Matched on movement pattern (сгибание локтя) and muscle group (бицепс). Same equipment.;different_muscle_label;false;false;true;true;false;true;true
table_180;Паучьи сгибания, техника выполнения упражнения;table_176;Изодинамиеский подъем на бицепс, техника выполнения упражнения;291;Matched on movement pattern (сгибание локтя) and muscle group (бицепс). Same equipment.;;false;false;true;true;true;true;false
table_181;Концентрированный подъем на бицепс, техника выполнения упражнения;prog_14586_177381_6;21;291;Matched on movement pattern (сгибание локтя) and muscle group (бицепс). Same equipment.;;false;false;true;true;true;true;false
table_181;Концентрированный подъем на бицепс, техника выполнения упражнения;prog_14477_174876_5;Бицепс с гантелью на скамье Скотта;291;Matched on movement pattern (сгибание локтя) and muscle group (бицепс). Same equipment.;;false;false;true;true;true;true;false
table_181;Концентрированный подъем на бицепс, техника выполнения упражнения;prog_14501_175300_5;Бицепс с двумя гантелями на скамье Скотта;291;Matched on movement pattern (сгибание локтя) and muscle group (бицепс). Same equipment.;;false;false;true;true;true;true;false
table_181;Концентрированный подъем на бицепс, техника выполнения упражнения;prog_14508_175466_6;Бицепс с канатной рукояткой в кроссовере;291;Matched on movement pattern (сгибание локтя) and muscle group (бицепс). Same equipment.;different_muscle_label;false;false;true;true;false;true;true
table_181;Концентрированный подъем на бицепс, техника выполнения упражнения;table_176;Изодинамиеский подъем на бицепс, техника выполнения упражнения;291;Matched on movement pattern (сгибание локтя) and muscle group (бицепс). Same equipment.;;false;false;true;true;true;true;false
table_182;Подъем на бицепс на наклонной скамье под 45*, техника выполнения упражнения;prog_14586_177381_6;21;291;Matched on movement pattern (сгибание локтя) and muscle group (бицепс). Same equipment.;;false;false;true;true;true;true;false
table_182;Подъем на бицепс на наклонной скамье под 45*, техника выполнения упражнения;prog_14477_174876_5;Бицепс с гантелью на скамье Скотта;291;Matched on movement pattern (сгибание локтя) and muscle group (бицепс). Same equipment.;;false;false;true;true;true;true;false
table_182;Подъем на бицепс на наклонной скамье под 45*, техника выполнения упражнения;prog_14501_175300_5;Бицепс с двумя гантелями на скамье Скотта;291;Matched on movement pattern (сгибание локтя) and muscle group (бицепс). Same equipment.;;false;false;true;true;true;true;false
table_182;Подъем на бицепс на наклонной скамье под 45*, техника выполнения упражнения;prog_14508_175466_6;Бицепс с канатной рукояткой в кроссовере;291;Matched on movement pattern (сгибание локтя) and muscle group (бицепс). Same equipment.;different_muscle_label;false;false;true;true;false;true;true
table_182;Подъем на бицепс на наклонной скамье под 45*, техника выполнения упражнения;table_176;Изодинамиеский подъем на бицепс, техника выполнения упражнения;291;Matched on movement pattern (сгибание локтя) and muscle group (бицепс). Same equipment.;;false;false;true;true;true;true;false
table_183;Молотки, подъем на бицепс, техника выполнения упражнения;prog_14586_177381_6;21;291;Matched on movement pattern (сгибание локтя) and muscle group (бицепс). Same equipment.;different_muscle_label;false;false;true;true;false;true;true
table_183;Молотки, подъем на бицепс, техника выполнения упражнения;prog_14477_174876_5;Бицепс с гантелью на скамье Скотта;291;Matched on movement pattern (сгибание локтя) and muscle group (бицепс). Same equipment.;different_muscle_label;false;false;true;true;false;true;true
table_183;Молотки, подъем на бицепс, техника выполнения упражнения;prog_14501_175300_5;Бицепс с двумя гантелями на скамье Скотта;291;Matched on movement pattern (сгибание локтя) and muscle group (бицепс). Same equipment.;different_muscle_label;false;false;true;true;false;true;true
table_183;Молотки, подъем на бицепс, техника выполнения упражнения;prog_14508_175466_6;Бицепс с канатной рукояткой в кроссовере;291;Matched on movement pattern (сгибание локтя) and muscle group (бицепс). Same equipment.;;false;false;true;true;true;true;false
table_183;Молотки, подъем на бицепс, техника выполнения упражнения;table_176;Изодинамиеский подъем на бицепс, техника выполнения упражнения;291;Matched on movement pattern (сгибание локтя) and muscle group (бицепс). Same equipment.;different_muscle_label;false;false;true;true;false;true;true
table_184;Подъем EZ-штанги (кривой штанги) на бицепс, техника выполнения упражнения;table_166;Бицепс со штангой в скамье скотта, техника выполнения упражнения;257;Matched on movement pattern (сгибание локтя) and muscle group (бицепс).;different_equipment;false;false;true;true;true;false;false
table_184;Подъем EZ-штанги (кривой штанги) на бицепс, техника выполнения упражнения;prog_14586_177381_6;21;252;Matched on movement pattern (сгибание локтя) and muscle group (бицепс).;different_equipment;false;false;true;true;true;false;false
table_184;Подъем EZ-штанги (кривой штанги) на бицепс, техника выполнения упражнения;prog_14477_174876_5;Бицепс с гантелью на скамье Скотта;252;Matched on movement pattern (сгибание локтя) and muscle group (бицепс).;different_equipment;false;false;true;true;true;false;false
table_184;Подъем EZ-штанги (кривой штанги) на бицепс, техника выполнения упражнения;prog_14501_175300_5;Бицепс с двумя гантелями на скамье Скотта;252;Matched on movement pattern (сгибание локтя) and muscle group (бицепс).;different_equipment;false;false;true;true;true;false;false
table_184;Подъем EZ-штанги (кривой штанги) на бицепс, техника выполнения упражнения;prog_14508_175466_6;Бицепс с канатной рукояткой в кроссовере;252;Matched on movement pattern (сгибание локтя) and muscle group (бицепс).;"different_muscle_label; different_equipment";false;false;true;true;false;false;true
table_185;Сгибание рук с гантелями сидя, техника выполнения упражнения;prog_14586_177381_6;21;291;Matched on movement pattern (сгибание локтя) and muscle group (бицепс). Same equipment.;;false;false;true;true;true;true;false
table_185;Сгибание рук с гантелями сидя, техника выполнения упражнения;prog_14477_174876_5;Бицепс с гантелью на скамье Скотта;291;Matched on movement pattern (сгибание локтя) and muscle group (бицепс). Same equipment.;;false;false;true;true;true;true;false
table_185;Сгибание рук с гантелями сидя, техника выполнения упражнения;prog_14501_175300_5;Бицепс с двумя гантелями на скамье Скотта;291;Matched on movement pattern (сгибание локтя) and muscle group (бицепс). Same equipment.;;false;false;true;true;true;true;false
table_185;Сгибание рук с гантелями сидя, техника выполнения упражнения;prog_14508_175466_6;Бицепс с канатной рукояткой в кроссовере;291;Matched on movement pattern (сгибание локтя) and muscle group (бицепс). Same equipment.;different_muscle_label;false;false;true;true;false;true;true
table_185;Сгибание рук с гантелями сидя, техника выполнения упражнения;table_176;Изодинамиеский подъем на бицепс, техника выполнения упражнения;291;Matched on movement pattern (сгибание локтя) and muscle group (бицепс). Same equipment.;;false;false;true;true;true;true;false
table_186;Подъем на бицепс гантелей стоя, техника выполнения упражнения;prog_14586_177381_6;21;291;Matched on movement pattern (сгибание локтя) and muscle group (бицепс). Same equipment.;;false;false;true;true;true;true;false
table_186;Подъем на бицепс гантелей стоя, техника выполнения упражнения;prog_14477_174876_5;Бицепс с гантелью на скамье Скотта;291;Matched on movement pattern (сгибание локтя) and muscle group (бицепс). Same equipment.;;false;false;true;true;true;true;false
table_186;Подъем на бицепс гантелей стоя, техника выполнения упражнения;prog_14501_175300_5;Бицепс с двумя гантелями на скамье Скотта;291;Matched on movement pattern (сгибание локтя) and muscle group (бицепс). Same equipment.;;false;false;true;true;true;true;false
table_186;Подъем на бицепс гантелей стоя, техника выполнения упражнения;prog_14508_175466_6;Бицепс с канатной рукояткой в кроссовере;291;Matched on movement pattern (сгибание локтя) and muscle group (бицепс). Same equipment.;different_muscle_label;false;false;true;true;false;true;true
table_186;Подъем на бицепс гантелей стоя, техника выполнения упражнения;table_176;Изодинамиеский подъем на бицепс, техника выполнения упражнения;291;Matched on movement pattern (сгибание локтя) and muscle group (бицепс). Same equipment.;;false;false;true;true;true;true;false
table_187;Подъем на бицепс широким хватом, техника выполнения упражнения;prog_14586_177381_6;21;291;Matched on movement pattern (сгибание локтя) and muscle group (бицепс). Same equipment.;different_muscle_label;false;false;true;true;false;true;true
table_187;Подъем на бицепс широким хватом, техника выполнения упражнения;prog_14477_174876_5;Бицепс с гантелью на скамье Скотта;291;Matched on movement pattern (сгибание локтя) and muscle group (бицепс). Same equipment.;different_muscle_label;false;false;true;true;false;true;true
table_187;Подъем на бицепс широким хватом, техника выполнения упражнения;prog_14501_175300_5;Бицепс с двумя гантелями на скамье Скотта;291;Matched on movement pattern (сгибание локтя) and muscle group (бицепс). Same equipment.;different_muscle_label;false;false;true;true;false;true;true
table_187;Подъем на бицепс широким хватом, техника выполнения упражнения;table_176;Изодинамиеский подъем на бицепс, техника выполнения упражнения;291;Matched on movement pattern (сгибание локтя) and muscle group (бицепс). Same equipment.;different_muscle_label;false;false;true;true;false;true;true
table_187;Подъем на бицепс широким хватом, техника выполнения упражнения;prog_14506_175417_7;Классический подъем на бицепс в кроссовере;291;Matched on movement pattern (сгибание локтя) and muscle group (бицепс). Same equipment.;different_muscle_label;false;false;true;true;false;true;true
table_188;Дуговые махи гантелями стоя, техника выполнения упражнения;prog_14523_175813_5;Изодинамические махи;291;Matched on movement pattern (отведение плеча) and muscle group (плечи). Same equipment.;"different_muscle_label; weak_pattern_match; different_equipment";false;false;false;false;false;false;true
table_188;Дуговые махи гантелями стоя, техника выполнения упражнения;table_063;Изодинамические махи гантелями сидя, техника выполнения упражнения;291;Matched on movement pattern (отведение плеча) and muscle group (плечи). Same equipment.;;false;false;true;true;true;true;false
table_188;Дуговые махи гантелями стоя, техника выполнения упражнения;table_105;Изодинамические махи гантелями, техника выполнения упражнения;291;Matched on movement pattern (отведение плеча) and muscle group (плечи). Same equipment.;;false;false;true;true;true;true;false
table_188;Дуговые махи гантелями стоя, техника выполнения упражнения;prog_14524_175844_4;Махи гантелями;291;Matched on movement pattern (отведение плеча) and muscle group (плечи). Same equipment.;"different_muscle_label; weak_pattern_match; different_equipment";false;false;false;false;false;false;true
table_188;Дуговые махи гантелями стоя, техника выполнения упражнения;table_189;Махи гантелями стоя, техника выполнения упражнения;291;Matched on movement pattern (отведение плеча) and muscle group (плечи). Same equipment.;;false;false;true;true;true;true;false
table_189;Махи гантелями стоя, техника выполнения упражнения;table_188;Дуговые махи гантелями стоя, техника выполнения упражнения;291;Matched on movement pattern (отведение плеча) and muscle group (плечи). Same equipment.;;false;false;true;true;true;true;false
table_189;Махи гантелями стоя, техника выполнения упражнения;prog_14523_175813_5;Изодинамические махи;291;Matched on movement pattern (отведение плеча) and muscle group (плечи). Same equipment.;"different_muscle_label; weak_pattern_match; different_equipment";false;false;false;false;false;false;true
table_189;Махи гантелями стоя, техника выполнения упражнения;table_063;Изодинамические махи гантелями сидя, техника выполнения упражнения;291;Matched on movement pattern (отведение плеча) and muscle group (плечи). Same equipment.;;false;false;true;true;true;true;false
table_189;Махи гантелями стоя, техника выполнения упражнения;table_105;Изодинамические махи гантелями, техника выполнения упражнения;291;Matched on movement pattern (отведение плеча) and muscle group (плечи). Same equipment.;;false;false;true;true;true;true;false
table_189;Махи гантелями стоя, техника выполнения упражнения;prog_14524_175844_4;Махи гантелями;291;Matched on movement pattern (отведение плеча) and muscle group (плечи). Same equipment.;"different_muscle_label; weak_pattern_match; different_equipment";false;false;false;false;false;false;true
table_190;Фронтальные махи с гантелями, техника выполнения упражнения;prog_14523_175807_5;Фронтальные махи со штангой стоя;221;Matched on movement pattern (сгибание плеча) and muscle group (плечи передняя дельта). Same equipment.;;false;false;true;true;true;true;false